time,A,A_A,A_A_A,A_A_A_A,A_A_A_A_A,A_A_A_A_A_A,A_A_A_A_A_A_A,A_A_A_A_A_A_A_A
0.0,1.0,0.0,0.0,0.0,0.0,0.0,0.0,0.0
0.06006006006006006,0.8900959979270091,0.05027338496757812,0.0028571082301895975,0.0001798008430793641,1.2196596232576692e-05,8.701919788535019e-07,6.548416426465933e-08,5.194162025295994e-09
0.12012012012012012,0.7971139752090428,0.08542575008466623,0.009158279793890306,0.0009778786792523828,0.00011071685555274128,1.3415693830903844e-05,1.7322103158571892e-06,2.458267504976194e-07
0.18018018018018017,0.7180794055256449,0.1094906545833375,0.016809696999592005,0.0025243866824160317,0.0003898722612260338,6.260103072337066e-05,1.0396569471182643e-05,1.8630147540406717e-06
0.24024024024024024,0.6502863063082018,0.12572493529505452,0.024509657056793397,0.004700104777667801,0.0009082840734045083,0.00017944875781675617,3.6244253751854165e-05,7.826269375866017e-06
0.3003003003003003,0.5916323360948271,0.1363838737447779,0.03164372490076991,0.007280720602125473,0.0016742292749758747,0.0003900727059793313,9.250283842026505e-05,2.334460515267035e-05
0.36036036036036034,0.5405182426619545,0.14302998593178767,0.037936585690021486,0.010069972489539197,0.0026613276162286647,0.0007074850793278389,0.00019133719741593915,5.515368857374444e-05
0.42042042042042044,0.49572607055848655,0.14669233925128786,0.04337848044158118,0.012889087285212038,0.00381985661419988,0.0011348144813322812,0.00034330295848024133,0.00011077122522760084
0.4804804804804805,0.45628666966921183,0.14813018549078902,0.04799864001052678,0.01563417545531593,0.005095791799555812,0.0016639858695210964,0.0005542841895075782,0.00019718424591310904
0.5405405405405406,0.4213866849785755,0.14794371585206542,0.051838841909644696,0.01824150999131178,0.006442235573350158,0.0022818430820515066,0.0008260052307602087,0.00031988058713611927
0.6006006006006006,0.3903577305330969,0.14658121034489996,0.054966361563434575,0.020671048815127623,0.007819297121721957,0.002972865070674471,0.001157242195020555,0.0004827746904336518
0.6606606606606606,0.3626477376610911,0.14438360533468558,0.05744707290542445,0.02290785283887036,0.009196108528813921,0.0037199381503975823,0.0015439104119603854,0.0006881096631804957
0.7207207207207207,0.3377820594252037,0.14162182287486702,0.05935557600503011,0.02493602003064744,0.010550001257567112,0.004508804552886971,0.0019811788625938406,0.0009365501523531183
0.7807807807807807,0.31536420383725944,0.13849643259128927,0.06077163061001281,0.02674794952637484,0.011860921929838765,0.00532672323140497,0.0024640598433331856,0.0012278591674646736
0.8408408408408409,0.2951186943837332,0.13509322461377263,0.061778727380453966,0.028357627953904046,0.013120594892070115,0.006159533208152301,0.00298420434325405,0.0015598198305736505
0.9009009009009009,0.2767240945500453,0.1315751759253978,0.06242761409796379,0.029765912462845004,0.014315509037544579,0.006998603177090865,0.0035372792019173487,0.0019311178982946995
0.960960960960961,0.26002664647637913,0.12793154322342276,0.06279558952534675,0.03099715992927907,0.015445722601981812,0.007833581749360235,0.004114662471584781,0.0023377648023398924
1.021021021021021,0.2447825325034373,0.12427349189351142,0.06292026827801235,0.03205783109893707,0.01650440707612249,0.008658328373955231,0.004712259124538691,0.0027775669325513994
1.0810810810810811,0.2308585513047738,0.12060811606292869,0.0628467567175202,0.03296859186681419,0.017492981344270055,0.009467424541046132,0.005324082669757445,0.0032465683487849207
1.1411411411411412,0.218104350726591,0.11697187136620722,0.0626105754761561,0.033742818069468015,0.018411344153061074,0.010256579811562513,0.005945665119080749,0.003741631612495144
1.2012012012012012,0.20638199160857454,0.11340299416552543,0.06223745615628246,0.034391948946791075,0.01926024663302736,0.01102307688373306,0.006573466770636176,0.004259736822374047
1.2612612612612613,0.19560132732695587,0.10990688245193257,0.06174725713818515,0.034930759331589276,0.020043756587959802,0.011765485519045016,0.007204063877521346,0.004797494578279884
1.3213213213213213,0.18564301996342308,0.10651279727452004,0.0611637138347738,0.035369533468054146,0.020763396255924074,0.012481144177825271,0.007834268397590757,0.005352298240715774
1.3813813813813813,0.17642565253861606,0.10322732345752798,0.06050380154661538,0.03571969883052662,0.02142270906253236,0.013169240314682017,0.00846146144604724,0.005921285543988317
1.4414414414414414,0.16794221036049084,0.10003035805196639,0.05976725370371673,0.03598547764290683,0.022027423903598478,0.013832217388327999,0.009085703596569922,0.00650288175045121
1.5015015015015014,0.16005190669161906,0.09695421110198271,0.058983631389744676,0.03618178192772203,0.022578951866299022,0.014466596421472043,0.009702620189552601,0.00709362140506584
1.5615615615615615,0.1526637769634705,0.09401167191412153,0.05817138665288546,0.03631954239024327,0.02308031216595555,0.015071104193683673,0.010309488427265067,0.0076907432331101
1.6216216216216217,0.145807940584384,0.09117185707474754,0.05732457034548519,0.03639854714086281,0.023535450602221012,0.015649306524726472,0.010907956788883993,0.00829395713729318
1.6816816816816818,0.139422215540446,0.08843717456261665,0.0564558341714555,0.03642707820784289,0.023947606646348558,0.016201080469724814,0.011496341561449665,0.00890108925999986
1.7417417417417418,0.13341774267125286,0.08581965430303773,0.05558320589100213,0.0364158725490206,0.02431981562510762,0.01672523694947659,0.012071995954992453,0.00950942129533992
1.8018018018018018,0.12775477615479794,0.08331655771691615,0.054713549152025726,0.036370704533563517,0.02465514788530431,0.017222465580388757,0.012634134382494885,0.010117396272898739
1.8618618618618619,0.12248761310104415,0.08090353897778227,0.0538294816263492,0.036286842769780905,0.024955968934435285,0.01769686288986947,0.013185734767578618,0.010726041056748499
1.921921921921922,0.11752469246840047,0.07858976454016711,0.05295122586666484,0.03617585002894959,0.02522573746750918,0.018147241374610948,0.0137239379263477,0.011332375050599674
1.981981981981982,0.11282685574019179,0.07637236088605703,0.0520854941028909,0.036043435070953846,0.025467519429556496,0.01857431192744096,0.014247981775197585,0.01193485742028242
2.042042042042042,0.10840745022623559,0.07424271359348096,0.05122586348005305,0.03588797804404471,0.02568221101657093,0.01897988488237767,0.014759293678727844,0.012534025039028215
2.1021021021021022,0.10425186300159342,0.07219526536827792,0.05037290579656439,0.035711761705295726,0.02587186385236215,0.019365185102533683,0.015258135083584501,0.01312930836596983
2.1621621621621623,0.10031840949916476,0.0702274188867893,0.04953396521005477,0.035520847393414684,0.02603964826838487,0.01973087058672343,0.015743638572013708,0.013719066608627735
2.2222222222222223,0.09658823933629736,0.06833523746954281,0.04871073467088411,0.035317894279208964,0.026187553476446135,0.020077921649850634,0.01621586454005197,0.01430264445298449
2.2822822822822824,0.09308676227392684,0.06651846231082649,0.047894284424733403,0.035097801241616204,0.02631399163568078,0.020407098633159405,0.016676539772141508,0.01488174080420955
2.3423423423423424,0.0897691181809513,0.06477099540579537,0.04709254992038568,0.034867787835190074,0.02642305403512955,0.020719511120441642,0.01712474540081586,0.015454316876749164
2.4024024024024024,0.08661699303138436,0.06308894464446899,0.04630709537932648,0.03463041918937395,0.02651668653888552,0.021016136760899393,0.017560562015867278,0.016019745885665355
2.4624624624624625,0.08361207279923961,0.06146841791686692,0.04553948502304134,0.034388260433611206,0.026596835011041767,0.02129795320373471,0.01798407020708803,0.01657740104602015
2.5225225225225225,0.0807687345542853,0.059910037965444626,0.04478535594936247,0.03413820815736171,0.026662148939987532,0.021565056190126723,0.01839621042586675,0.017128466700701523
2.5825825825825826,0.07807279380947886,0.058410482996343806,0.04404552366556483,0.03388211144014529,0.026714157791664403,0.021818311966663347,0.01879717187970541,0.017672544846423405
2.6426426426426426,0.07550273037041488,0.05696541810692251,0.04332213369382866,0.03362309135159199,0.026755130721123892,0.022058784675384715,0.019186950827754196,0.018208831072484475
2.7027027027027026,0.07304570878345978,0.05557170781358925,0.04261575695226348,0.0333627630527909,0.02678646116580042,0.02228730416999076,0.019565771960633454,0.018737002113746425
2.7627627627627627,0.07069867319523303,0.054227672707021744,0.04192568228713075,0.03310113402284721,0.026808516945846454,0.022504324699534756,0.01993400774208657,0.01925722626728261
2.8228228228228227,0.06847293536576766,0.05293377255656141,0.041249315000149736,0.032835849829066184,0.026820159104835026,0.02270974869681783,0.020292247735436683,0.01977039400445194
2.8828828828828827,0.0663456145627766,0.05168537624777342,0.04058854291079958,0.03257017698975973,0.026823834560007764,0.022904791824084378,0.02064056484368908,0.020275677143834894
2.942942942942943,0.06430804262082616,0.05047996876016941,0.03994339062008629,0.032305045599757845,0.02682049971224482,0.023090123882192556,0.02097924672662195,0.020772961885031107
3.003003003003003,0.062351551374482686,0.04931503507326099,0.03931388272901586,0.03204138575389053,0.02681111096242635,0.02326641467200053,0.021308581044013473,0.021262134427640224
3.063063063063063,0.06048941874223904,0.04819190705068774,0.03869811901495845,0.03177678174828548,0.026794249868998584,0.02343323235373045,0.021628907217219783,0.021744035913573642
3.123123123123123,0.058707098927593675,0.0471070393940429,0.03809663958789377,0.03151305975428753,0.02677150886648292,0.023591541771185245,0.021940499043160446,0.022218296788437786
3.183183183183183,0.056997308957206574,0.0460581598903247,0.037509347557882516,0.03125093868673099,0.02674369446054476,0.023741943191911166,0.022243647448698962,0.022684863525844944
3.2432432432432434,0.05535413978530346,0.04504323715948195,0.036936025532017226,0.03099092799779239,0.02671146448059842,0.02388496791559475,0.022538646601215864,0.02314374238326543
3.3033033033033035,0.05378308906655732,0.044062949823224874,0.03637598555115871,0.030732032565646678,0.026674148262400832,0.024020360678934434,0.02282560772296429,0.02359534533744381
3.3633633633633635,0.05228496640555519,0.043116862717200014,0.035828733054606966,0.030473875634692244,0.026631621140513182,0.024148189488859263,0.023104717224979993,0.024039917618194857
3.4234234234234235,0.05084665224281226,0.04220123138885583,0.035294348108328065,0.030217917742962324,0.02658538072459782,0.024269482854852423,0.02337638491968524,0.02447720901580076
3.4834834834834836,0.04946357179830155,0.04131434145274813,0.034772558276292505,0.02996449234944736,0.02653592944737124,0.024384680070673067,0.023640883574984162,0.024907273245568854
3.5435435435435436,0.04813115029199607,0.040454478523432716,0.03426309112247077,0.029713932913137783,0.026483769741549933,0.024494220430080347,0.02389848595878088,0.025330164022806457
3.6036036036036037,0.04684481294386884,0.0396199282154654,0.03376567421083335,0.029466572893024044,0.026429404039850387,0.024598543226833403,0.024149464838979524,0.025745935062820902
3.6636636636636637,0.04559998497389287,0.03880897614340199,0.033280035105350755,0.029222745748096576,0.0263733347749891,0.024698087754691393,0.024394092983484217,0.026154640080919514
3.7237237237237237,0.04441392077935917,0.03802678541050936,0.03280535160212261,0.02898010109621539,0.026313393006210873,0.024791554812948043,0.02463205591674992,0.026556920171210478
3.7837837837837838,0.04327412936185376,0.03726914755189188,0.03234155063509404,0.028739945675033476,0.026251049923574125,0.024880014149806676,0.024863839366945924,0.02695261603965149
3.843843843843844,0.042174412598025734,0.03653383673244228,0.031888400652140124,0.02850281252942204,0.02618700661850923,0.024964034343485635,0.025089759772780745,0.027341737720679955
3.903903903903904,0.04111163883206301,0.035819593236645145,0.03144559287214536,0.02826885768996605,0.026121588919562583,0.025043939756089793,0.025310051079566652,0.027724377761143133
3.963963963963964,0.040082676408153495,0.035125157348985074,0.031012818513994223,0.02803823718725048,0.02605512265528059,0.025120054749724036,0.025524947232615922,0.028100628707888292
4.024024024024024,0.039084393670485086,0.03444926935394665,0.03058976879657122,0.0278111070518603,0.02598793365420965,0.025192703686493238,0.025734682177240824,0.028470583107762695
4.084084084084084,0.03811701556809419,0.033791770242956716,0.030176183195993366,0.027587280016292404,0.025919942708950122,0.025261912789289173,0.025939357392800604,0.02883438496736736
4.1441441441441444,0.037193548664968296,0.03315669238919388,0.02977198494708411,0.027365261568320736,0.025849528275802024,0.0253265729967519,0.026138569941577715,0.029192374246889606
4.2042042042042045,0.03630049170819801,0.03253937565081061,0.0293767161871169,0.027146268293173518,0.025778267465413764,0.02538792971580937,0.026332962997442436,0.02954448451798087
4.2642642642642645,0.03543587526171611,0.03193894143053429,0.028990084843975646,0.026930337354951765,0.025706345863200628,0.02544620407827996,0.02652272463955565,0.029890826145356347
4.324324324324325,0.034597729889455385,0.03135451113109229,0.02861179884554427,0.02671750591775651,0.025633949054577894,0.025501617215982042,0.02670804294707824,0.030231509493731233
4.384384384384385,0.03378408615534859,0.030785206155212005,0.028241566119706688,0.026507811145688773,0.025561262624960848,0.025554390260733997,0.026889105999171097,0.03056664492782071
4.444444444444445,0.03299297462332853,0.03023014790562082,0.027879094594346815,0.026301290202849575,0.025488472159764772,0.02560474434435419,0.0270661018749951,0.030896342812339977
4.504504504504505,0.032228677668882474,0.029690676114316084,0.02752449908917498,0.02609750654949317,0.025415034094722355,0.025652270394602564,0.02723885758575222,0.031220706027232526
4.564564564564565,0.0314927147980909,0.029167150164796034,0.02717771460578491,0.025896232990294164,0.025340727099423373,0.02569683784595633,0.027407359709772892,0.03153984076019459
4.624624624624625,0.030779277653113037,0.028657329295803877,0.02683819922033702,0.025697797566964945,0.025266184493282818,0.0257390548067223,0.02757201803981848,0.03185386197196169
4.684684684684685,0.030087117665522127,0.0281605906954138,0.026505707777540577,0.02550218282299436,0.025191507786819174,0.025779069742786962,0.02773297902196394,0.03216287916421441
4.744744744744745,0.029414986266891395,0.027676311551699976,0.026179995122104848,0.025309371301871258,0.02511679849055093,0.025817031120036794,0.027890389102284245,0.032467001838633346
4.804804804804805,0.028761634888794078,0.0272038690527366,0.025860816098739102,0.02511934554708449,0.025042158114996577,0.025853087404358283,0.02804439472685436,0.032766339496899076
4.864864864864865,0.028125814962803405,0.026742640386597842,0.0255479255521526,0.024932088102122905,0.024967688170674598,0.025887387061637915,0.028195142341749264,0.03306100164069219
4.924924924924925,0.027517131372739742,0.026296628770343347,0.02524252540915105,0.02474716925425551,0.024892300928669158,0.02591878856460596,0.02834182318852568,0.03335079462968823
4.984984984984985,0.026928434414811842,0.025862696171763316,0.024943583720791328,0.024564795694984404,0.024816744501402265,0.02594814176190351,0.028485103067933438,0.033635992787042615
5.045045045045045,0.026357201719175428,0.02543967685100956,0.024650685496859785,0.024384998351717705,0.024741259972944,0.025975746517799193,0.028625240532393174,0.03391674119230617
5.105105105105105,0.025802475988213107,0.025027072143494457,0.02436362441696945,0.024207748704349,0.02466591693855449,0.026001716679024036,0.028762356393445626,0.034193141211829356
5.165165165165165,0.025263299924307477,0.024624383384630397,0.02408219416073334,0.024033018232771885,0.02459078499349386,0.02602616609230905,0.028896571462631533,0.03446529421196262
5.225225225225225,0.02473871622984115,0.024231111909829756,0.02380618840776449,0.023860778416879946,0.024515933733022237,0.02604920860438525,0.029028006551491632,0.03473330155905641
5.285285285285285,0.024227767607196728,0.023846759054504924,0.02353540083767592,0.023691000736566777,0.024441432752399753,0.026070958061983663,0.02915678247156666,0.03499726461946118
5.345345345345345,0.023729496758756814,0.02347082615406828,0.02326962513008065,0.02352365667172597,0.02436735164688653,0.026091528311835296,0.029283020034397356,0.035257284759527364
5.405405405405405,0.023242946386904013,0.023102814543932204,0.023008654964591712,0.023358717702251116,0.024293760011742698,0.026111033200671176,0.02940684005152446,0.03551346334560543
5.465465465465465,0.02276715919402093,0.022742225559509086,0.022752284020822123,0.023196155308035808,0.024220727442228383,0.026129586575222314,0.029528363334488706,0.03576590174404581
5.525525525525525,0.02230229724651337,0.022389083219879233,0.022500483358162574,0.023035920072289866,0.024148211321344027,0.02614716695417654,0.029647597887250837,0.03601464499607769
5.585585585585585,0.02185996779005158,0.022048755836197764,0.02225503769385872,0.02287774891556575,0.024075021693600394,0.026162369165409965,0.029763398288300824,0.03625916223456023
5.645645645645645,0.021429412302647784,0.021716168091601394,0.022014187558625085,0.0227217962904826,0.024002210692119736,0.026176491996823283,0.02987687309970496,0.03650004801227817
5.7057057057057055,0.02101000091084052,0.021390974211228497,0.021777778517272705,0.022568027564463976,0.023929815089055798,0.026189609710464256,0.029988110135761005,0.03673738721997179
5.7657657657657655,0.020601103741168306,0.021072828420217436,0.0215456561346126,0.022416408104933443,0.02385787165656232,0.026201796568380627,0.030097197210766705,0.036971264748381354
5.8258258258258255,0.02020209092016968,0.020761384943706586,0.021317665975455796,0.02226690327931456,0.02378641716679306,0.026213126832620157,0.030204222139019823,0.03720176548824715
5.885885885885886,0.01981233257438316,0.02045629800683431,0.02109365360461332,0.022119478455030886,0.023715488391901757,0.026223674765230597,0.030309272734818104,0.03742897433030945
5.945945945945946,0.019431198830347284,0.020157221834738982,0.0208734645868962,0.02197409899950599,0.023645122104042158,0.0262335146282597,0.030412436812459302,0.03765297616530852
6.006006006006006,0.019058059814600573,0.01986381065255897,0.020656944487115456,0.021830730280163427,0.023575355075368013,0.026242720683755223,0.03051380218624118,0.03787385588398464
6.066066066066066,0.018692285653681556,0.019575718685432644,0.020443938870082116,0.02168933766442676,0.023506224078033065,0.02625136719376492,0.03061345667046148,0.038091698377078084
6.126126126126126,0.018333246474128765,0.019292600158498374,0.020234293300607206,0.021549886519719553,0.023437765884191067,0.026259528420336534,0.03071148807941796,0.038306588535329124
6.186186186186186,0.017983627584586423,0.0190157476929037,0.020028446339253814,0.021412339426481245,0.02336971811038528,0.026266879283899973,0.030807617095857835,0.038518373991400665
6.246246246246246,0.017648578059654696,0.018747671527465745,0.01982727724718588,0.021276656893929727,0.023301596047692347,0.02627279792351642,0.030901291558929744,0.03872672605329073
6.306306306306306,0.017321509293465143,0.018485081022430377,0.019629565734340604,0.021142809298834074,0.023233974172734137,0.026278076380759425,0.030993259167848203,0.03893215606113192
6.366366366366366,0.017002050807747634,0.01822775859862258,0.019435203764261166,0.021010761790551315,0.023166865850344876,0.026282757671340324,0.03108357901083929,0.039134730341494464
6.426426426426427,0.01668983212423202,0.017975486676867325,0.01924408330049074,0.02088047951843847,0.023100284445358787,0.026286884810970447,0.03117231017612908,0.03933451522094857
6.486486486486487,0.016384482764648173,0.017728047677989602,0.019056096306572515,0.02075192763185257,0.023034243322610098,0.02629050081536113,0.031259511751943636,0.03953157702606447
6.546546546546547,0.016085632250725956,0.01748522402281439,0.018871134746049668,0.020625071280150637,0.02296875584693303,0.0262936487002237,0.031345242826509044,0.039725982083412374
6.606606606606607,0.015792910104195233,0.01724679813216667,0.01868909058246538,0.0204998756126897,0.022903835383161816,0.026296371481269495,0.03142956248805138,0.0399177967195625
6.666666666666667,0.015505945846785864,0.01701255242687142,0.01850985577936283,0.020376305778826775,0.022839495296130677,0.026298712174209846,0.0315125298247967,0.04010708726108506
6.726726726726727,0.015224369000227715,0.01678226932775363,0.0183333223002852,0.020254326927918894,0.02277574895067384,0.026300713794756084,0.0315942039249711,0.04029392003455029
6.786786786786787,0.014947809086250647,0.016555731255638268,0.018159382108775667,0.02013390420932308,0.02271260971162553,0.02630241935861954,0.031674643876800634,0.0404783613665284
6.846846846846847,0.01467935158630801,0.016334550389962597,0.017988668560291854,0.020015098430639238,0.022649827601473684,0.02630344943938341,0.03175346865716528,0.04066012881583418
6.906906906906907,0.014419397403364348,0.016118917559510726,0.017821239099417248,0.01989789609244934,0.022587357206200784,0.02630375276232845,0.03183063912003472,0.04083921086296228
6.966966966966967,0.014165221851960242,0.01590736874960945,0.017656480651929936,0.019782197181509833,0.02252539128001317,0.026303660111651354,0.03190651415842963,0.041015911415827305
7.027027027027027,0.013916606538189963,0.015699766902182898,0.017494317807366187,0.019667971056753154,0.022463931598995047,0.02630319591290394,0.0319811334928578,0.04119028145298424
7.087087087087087,0.013673333068147773,0.015495974959155204,0.017334675155262286,0.019555187077111735,0.022402979939230603,0.026302384591638025,0.03205453684382702,0.041362371952988114
7.147147147147147,0.01343518304792794,0.015295855862450499,0.0171774772851545,0.01944381460151801,0.02234253807680403,0.026301250573405408,0.032126763931845076,0.04153223389439393
7.207207207207207,0.013201938083624725,0.015099272553992916,0.017022648786579116,0.019333822988904414,0.022282607787799523,0.026299818283757912,0.03219785447741975,0.041699918255756675
7.267267267267267,0.0129733797813324,0.014906087975706589,0.016870114249072404,0.01922518159820338,0.022223190848301277,0.026298112148247347,0.03226784820105883,0.04186547601563138
7.327327327327327,0.012749289747145226,0.014716165069515648,0.016719798262170644,0.019117859788347343,0.02216428903439349,0.026296156592425523,0.032336784823270105,0.042028958152573036
7.387387387387387,0.012529449587157472,0.014529366777344227,0.01657162541541011,0.01901182691826874,0.022105904122160343,0.02629397604184425,0.032404704064561356,0.042190415645136654
7.4474474474474475,0.012313640907463402,0.014345556041116458,0.01642552029832708,0.018907052346900002,0.022048037887686042,0.02629159492205535,0.03247164564544037,0.04234989947187724
7.5075075075075075,0.012106050558258892,0.014167202647415821,0.016282681599820444,0.018803881322751563,0.021990475856347492,0.026288474140214596,0.03253693662178843,0.042506773889595374
7.5675675675675675,0.011904209970595613,0.013992837975906312,0.016142383106310592,0.018702091202376942,0.021933330263929473,0.02628492596404589,0.03260098073937942,0.04266144065063234
7.627627627627628,0.01170678034900871,0.013821661960344222,0.01600422536106545,0.018601555743361746,0.021876657886335492,0.026281118140759265,0.03266399897327597,0.04281412538995415
7.687687687687688,0.011513598323109152,0.01365357010333757,0.015868148867705944,0.01850224899967142,0.021820457798579346,0.02627706805730364,0.03272602214247825,0.042964870508646516
7.747747747747748,0.011324500522507903,0.013488457907494379,0.015734094129853007,0.018404145025271403,0.021764729075674845,0.026272793100627943,0.032787081065986406,0.043113718407795196
7.807807807807808,0.011139323576815924,0.013326220875422668,0.015602001651127568,0.018307217874127146,0.02170947079263579,0.026268310657681086,0.0328472065628006,0.04326071148848591
7.867867867867868,0.010957904115644184,0.01316675450973046,0.01547181193515056,0.018211441600204083,0.021654682024475982,0.026263638115411988,0.032906429451920995,0.0434058921518044
7.927927927927928,0.010780078768603648,0.013009954313025776,0.015343465485542914,0.018116790257467666,0.021600361846209226,0.026258792860769577,0.032964780552347736,0.04354930279883639
7.987987987987988,0.010605684165305277,0.012855715787916635,0.015216902805925558,0.018023237899883335,0.021546509332849333,0.026253792280702765,0.03302229068308098,0.04369098583066762
8.048048048048049,0.010434556935360035,0.01270393443701106,0.015092064399919424,0.017930758581416534,0.021493123559410098,0.026248653762160477,0.0330789906631209,0.04383098364838382
8.108108108108109,0.010266533708378893,0.01255450576291707,0.014968890771145446,0.017839326356032706,0.021440203600905327,0.02624339469209163,0.03313491131146764,0.043969338653070726
8.168168168168169,0.010101451113972813,0.01240732526824269,0.014847322423224552,0.0177489152776973,0.021387748532348826,0.02623803245744515,0.03319008344712136,0.04410609324581406
8.228228228228229,0.009939145781752758,0.012262288455595939,0.014727299859777672,0.017659499400375752,0.0213357574287544,0.02623258444516995,0.033244537889082215,0.04424128982769958
8.288288288288289,0.009779454341329694,0.012119290827584839,0.014608763584425739,0.017571052778033513,0.021284229365135847,0.026227068042214953,0.03329830545635037,0.04437497079981299
8.348348348348349,0.009622213422314584,0.011978227886817409,0.014491654100789682,0.01748354946463602,0.021233163416506974,0.02622150063552908,0.03335141696792597,0.04450717856324005
8.408408408408409,0.009467259654318395,0.01183899513590167,0.014375911912490434,0.017396963514148725,0.021182558657881587,0.02621589961206125,0.033403903242809174,0.04463795551906648
8.468468468468469,0.009314429666952092,0.011701488077445645,0.014261477523148923,0.017311268980537066,0.02113241416427349,0.02621028235876038,0.03345579510000015,0.04476734406837801
8.528528528528529,0.009168080171570954,0.011568350017663643,0.014149717726610894,0.0172269332331218,0.021082580330553033,0.026204110744008156,0.03350634975267655,0.04489453960371772
8.588588588588589,0.009025991630662655,0.011438226494283377,0.014039924212773449,0.01714370591868452,0.021033123865737156,0.02619765485792988,0.03355594993003587,0.04501996982697276
8.64864864864865,0.008886641523923518,0.011310186768873838,0.013931608611987752,0.01706141275548327,0.02098408855168695,0.02619109912715561,0.03360485906773148,0.045143931827452126
8.70870870870871,0.00874992532467645,0.011184162115733254,0.013824729995727236,0.016980034219603337,0.020935471527855756,0.026184453706735285,0.033653097913742526,0.04526645697964302
8.76876876876877,0.00861573850624435,0.011060083809159852,0.013719247435465334,0.016899550787130003,0.0208872699336969,0.026177728751718844,0.03370068721604817,0.04538757665803266
8.82882882882883,0.00848397654195012,0.010937883123451859,0.013615120002675481,0.01681994293414856,0.02083948090866373,0.026170934417156233,0.03374764772262758,0.04550732223710825
8.88888888888889,0.008354534905116662,0.010817491332907507,0.013512306768831108,0.016741191136744295,0.020792101592209577,0.026164080858097395,0.03379400018145989,0.045625725091357004
8.94894894894895,0.008227309069066878,0.01069883971182502,0.013410766805405651,0.01666327587100249,0.020745129123787776,0.026157178229592272,0.033839765340524276,0.04574281659526613
9.00900900900901,0.008102194507123671,0.01058185953450263,0.01331045918387254,0.016586177613008436,0.02069856064285167,0.026150236686690802,0.03388496394779989,0.04585862812332283
9.06906906906907,0.007979086692609941,0.010466482075238565,0.013211342975705212,0.01650987683884742,0.02065239328885459,0.02614326638444293,0.03392961675126588,0.045973191050014316
9.12912912912913,0.007857881098848593,0.01035263860833105,0.013113377252377097,0.016434354024604723,0.020606624201249875,0.026136277477898602,0.033973744498901406,0.046086536749827794
9.18918918918919,0.007738473199162526,0.010240260408078313,0.01301652108536163,0.01635958964636564,0.020561250519490863,0.026129280122107756,0.03401736793868562,0.04619869659725048
9.24924924924925,0.007620758466874643,0.010129278748778588,0.012920733546132246,0.016285564180215453,0.020516269383030892,0.02612228447212033,0.03406050781859769,0.04630970196676958
9.30930930930931,0.007504632375307846,0.010019624904730096,0.012825973706162374,0.01621225810223945,0.020471677931323293,0.026115300682986276,0.034103184886616775,0.046419584232872305
9.36936936936937,0.0073899903977850375,0.00991123015023107,0.012732200636925452,0.016139651888522916,0.02042747330382141,0.026108338909755533,0.03414541989072201,0.04652837477004586
9.42942942942943,0.007276728007629119,0.009804025759579737,0.01263937340989491,0.016067726015151138,0.020383652639978576,0.02610140930747804,0.03418723357889257,0.04663610495277745
9.48948948948949,0.007164740678162992,0.009697943007074326,0.012547451096544182,0.015996460958209408,0.020340213079248128,0.02609452203120374,0.03422864669910761,0.046742806155554296
9.54954954954955,0.007057281623503861,0.009594985626808255,0.012457510388590661,0.015926264907601375,0.020297091313541345,0.026087298547269676,0.034269086912096014,0.04684778720341017
9.60960960960961,0.006952922053746101,0.009494267533293067,0.012369069577982738,0.015856949652870784,0.020254308322286748,0.026079902306111406,0.03430880887419526,0.04695136443793683
9.66966966966967,0.006850379320782882,0.009394992842464705,0.012281695599802037,0.015788345599312442,0.02021188245400324,0.026072479840936146,0.034348041428303694,0.0470538227525937
9.72972972972973,0.006749594529049121,0.009297120992988704,0.012195362713786259,0.015720439035567864,0.020169810026672605,0.026065036024581996,0.03438679726244812,0.04715518370254687
9.78978978978979,0.006650508782979729,0.009200611423530602,0.012110045179673111,0.015653216250278563,0.020128087358276616,0.026057575729887057,0.034425089064655384,0.04725546884296246
9.84984984984985,0.0065530631870096235,0.009105423572755933,0.0120257172572003,0.015586663532086046,0.02008671076679705,0.02605010382968942,0.03446292952295229,0.047354699729006564
9.90990990990991,0.006457198845573717,0.009011516879330233,0.011942353206105528,0.015520767169631827,0.020045676570215692,0.026042625196827186,0.03450033132536567,0.047452897915845296
9.96996996996997,0.006362856863106925,0.008918850781919039,0.011859927286126502,0.01545551345155742,0.020004981086514318,0.026035144704138452,0.03453730715992234,0.04755008495864475
10.03003003003003,0.006269978344044163,0.008827384719187887,0.011778413757000927,0.015390888666504333,0.019964620633674705,0.026027667224461315,0.03457386971464913,0.04764628241257105
10.09009009009009,0.0061785043928203436,0.008737078129802315,0.011697786878466506,0.01532687910311408,0.019924591529678633,0.026020197630633873,0.034610031677572865,0.04774151183279028
10.15015015015015,0.006088376113870382,0.008647890452427857,0.011618020910260946,0.015263471050028172,0.019884890092507882,0.02601274079549422,0.03464580573672036,0.04783579477446855
10.21021021021021,0.005999534611629194,0.008559781125730052,0.01153909011212195,0.015200650795888119,0.01984551264014423,0.026005301591880456,0.03468120458011845,0.04792915279277197
10.27027027027027,0.0059119209905316925,0.008472709588374434,0.011460968743787226,0.015138404629335436,0.01980645549056945,0.025997884892630677,0.03471624089579394,0.04802160744286664
10.33033033033033,0.005825476355012793,0.00838663527902654,0.011383631064994479,0.01507671883901163,0.019767714961765326,0.02599049557058298,0.03475092737177367,0.04811318027991867
10.39039039039039,0.00574014180950741,0.008301517636351905,0.011307051335481409,0.015015579713558217,0.019729287371713637,0.025983138498575465,0.03478527669608445,0.048203892859094155
10.45045045045045,0.005655858458450458,0.008217316099016067,0.011231203814985725,0.014954973541616706,0.019691169038396163,0.025975818549446222,0.03481930155675312,0.048293766735559206
10.51051051051051,0.00557256740627685,0.00813399010568456,0.011156062763245133,0.014894886611828612,0.019653356279794674,0.02596854059603336,0.034853014641806485,0.04838282346447993
10.57057057057057,0.005492023894574042,0.008052659828792209,0.011082266663159581,0.014835595138204238,0.019615855058925137,0.02596111344972321,0.03488608396166731,0.04847061621491733
10.63063063063063,0.005413572748036357,0.007972903191180412,0.01100957145425084,0.01477699011525397,0.01957865852359089,0.025953606425819776,0.03491863549473412,0.04855732049354268
10.69069069069069,0.005336419702765914,0.007894209123066355,0.010937682150528009,0.01471894030911845,0.019541759082117444,0.02594610387151771,0.03495082164558974,0.048643147717853476
10.75075075075075,0.0052605316434076715,0.007816553557987717,0.010866582450823638,0.014661436128489814,0.019505153189549526,0.025938607873479104,0.034982650204141236,0.048728112786908175
10.81081081081081,0.005185875454606591,0.0077399124294821745,0.010796256053970272,0.014604467982060195,0.019468837300931883,0.025931120518366046,0.03501412896029566,0.04881223059976523
10.87087087087087,0.0051124180210076284,0.007664261671087404,0.010726686658800456,0.014548026278521729,0.019432807871309247,0.025923643892840624,0.0350452657039601,0.0488955160554831
10.93093093093093,0.005040126227255745,0.007589577216341085,0.01065785796414674,0.014492101426566546,0.019397061355726358,0.025916180083564933,0.0350760682250416,0.048977984053120246
10.99099099099099,0.004968966957995901,0.007515834998780894,0.01058975366884167,0.014436683834886785,0.019361594209227954,0.02590873117720106,0.03510654431344723,0.04905964949173513
11.05105105105105,0.0048989070978730535,0.007443010951944509,0.010522357471717793,0.014381763912174578,0.019326402886858777,0.025901299260411098,0.03513670175908406,0.04914052727038621
11.11111111111111,0.004829913531532164,0.007371081009369609,0.010455653071607658,0.01432733206712206,0.019291483843663557,0.025893886419857133,0.03516654835185915,0.049220632288131935
11.17117117117117,0.00476195314361819,0.00730002110459387,0.010389624167343807,0.014273378708421363,0.01925683353468704,0.025886494742201258,0.03519609188167957,0.04929997944403078
11.23123123123123,0.004694992818776091,0.007229807171154971,0.010324254457758792,0.014219894244764626,0.01922244841497396,0.02587912631410556,0.03522534013845238,0.04937858363714119
11.29129129129129,0.004628999441650826,0.0071604151425905885,0.010259527641685159,0.014166869084843978,0.019188324939569054,0.025871783222232134,0.03525430091208465,0.04945645976652163
11.35135135135135,0.004563939896887356,0.007091820952438401,0.010195427417955455,0.014114293637351555,0.019154459563517065,0.025864467553243065,0.03528298199248345,0.04953362273123056
11.411411411411411,0.004499781069130639,0.007024000534236086,0.010131937485402224,0.014062158310979494,0.019120848741862727,0.025857181393800447,0.035311391169555825,0.04961008743032644
11.471471471471471,0.0044364898430256355,0.006956929821521321,0.010069041542858016,0.014010453514419926,0.01908748892965078,0.02584992683056637,0.03533953623320886,0.049685868762867715
11.531531531531531,0.004374033103217303,0.006890584747831784,0.010006723289155379,0.013959169656364985,0.019054376581925957,0.025842705950202924,0.03536742497334961,0.04976098162791286
11.591591591591591,0.004313922861763449,0.0068260234640151445,0.009945660374906875,0.013908663474537473,0.019021595073222736,0.025835371201685685,0.03539471531736347,0.049834897866126285
11.651651651651651,0.004255592513553431,0.006762848243907354,0.009885596896590942,0.013858798894348328,0.018989110847690338,0.02582797633743075,0.03542153585300862,0.04990781987960828
11.711711711711711,0.004198249612443056,0.006700503180812591,0.009826175520353515,0.013809386297321938,0.018956877645032247,0.025820596981403102,0.03544806630512932,0.04998002944570543
11.771771771771771,0.004141869377449104,0.006638970045716875,0.009767383688182639,0.013760418068118454,0.01892489238913437,0.025813234413123557,0.03547431257648448,0.05005153853423521
11.831831831831831,0.0040864270275883605,0.006578230609606229,0.009709208842066348,0.013711886591398027,0.018893152003882613,0.025805889912112922,0.035500280569833016,0.05012235911501506
11.891891891891891,0.004031897781877606,0.0065182666434666706,0.009651638423992684,0.013663784251820812,0.018861653413162892,0.02579856475789201,0.03552597618793384,0.05019250315786243
11.951951951951951,0.003978256859333623,0.006459059918284223,0.009594659875949688,0.01361610343404696,0.018830393540861114,0.02579126022998163,0.035551405333545866,0.05026198263259478
12.012012012012011,0.003925479478973196,0.006400592205044905,0.009538260639925397,0.013568836522736622,0.01879936931086319,0.02578397760790259,0.035576573909428005,0.05033080950902955
12.072072072072071,0.003873540859813107,0.0063428452747347356,0.009482428157907853,0.013521975902549952,0.018768577647055026,0.0257767181711757,0.03560148781833916,0.05039899575698421
12.132132132132131,0.0038224162208701385,0.006285800898339738,0.009427149871885095,0.0134755139581471,0.01873801547332253,0.02576948319932177,0.03562615296303826,0.050466553346276206
12.192192192192191,0.003772080781161074,0.00622944084684593,0.00937241322384516,0.013429443074188217,0.01870767971355162,0.025762273971861614,0.03565057524628421,0.05053349424672298
12.252252252252251,0.003722509759702696,0.006173746891239334,0.009318205655776094,0.01338375563533346,0.018677567291628193,0.025755091768316037,0.03567476057083592,0.05059983042814199
12.312312312312311,0.0036736783755117867,0.006118700802505969,0.00926451460966593,0.013338444026242978,0.01864767513143817,0.02574793786820585,0.035698714839452306,0.0506655738603507
12.372372372372372,0.0036255618476051295,0.006064284351631856,0.009211327527502713,0.013293500631576922,0.018618000156867452,0.025740813551051865,0.035722443954892276,0.05073073651316655
12.432432432432432,0.0035781353949995067,0.006010479309603015,0.009158631851274478,0.013248917835995445,0.018588539291801952,0.02573372009637489,0.035745953819914744,0.050795330356406994
12.492492492492492,0.0035313742367117018,0.005957267447405467,0.009106415022969268,0.013204688024158702,0.01855928946012758,0.025726658783695733,0.035769250337278624,0.05085936735988949
12.552552552552552,0.0034852535917584975,0.005904630536025231,0.009054664484575122,0.01316080358072684,0.018530247585730245,0.025719630892535206,0.03579233940974283,0.050922859493431484
12.612612612612612,0.0034397486791566756,0.005852550346448329,0.00900336767808008,0.013117256890360016,0.018501410592495857,0.02571263770241412,0.03581522694006627,0.05098581872685043
12.672672672672672,0.00339483471792302,0.00580100864966078,0.008952512045472179,0.013074040337718378,0.018472775404310325,0.025705680492853284,0.03583791883100786,0.05104825702996378
12.732732732732732,0.0033504869270743125,0.005749987216648605,0.008902085028739461,0.013031146307462082,0.01844433894505956,0.025698760543373507,0.03586042098532651,0.05111018637258899
12.792792792792792,0.0033066805256273366,0.005699467818397824,0.008852074069869967,0.012988567184251277,0.018416098138629464,0.0256918791334956,0.03588273930578113,0.05117161872454351
12.852852852852854,0.003263390732598873,0.005649432225894457,0.008802466610851732,0.012946295352746115,0.018388049908905954,0.02568503754274037,0.03590487969513065,0.051232566055644795
12.912912912912914,0.0032205927670057085,0.005599862210124525,0.008753250093672801,0.012904323197606751,0.018360191179774936,0.025678237050628633,0.035926848056133956,0.05129304033571029
12.972972972972974,0.003178261847864623,0.0055507395420740496,0.00870441196032121,0.012862643103493334,0.018332518875122324,0.025671478936681195,0.03594865029154997,0.05135305353455745
13.033033033033034,0.0031363731941924005,0.005502045992729049,0.008655939652785001,0.012821247455066019,0.018305029918834023,0.025664764480418864,0.03597029230413761,0.051412617622003734
13.093093093093094,0.003094902025005823,0.005453763333075545,0.008607820613052214,0.012780128636984956,0.018277721234795943,0.025658094961362454,0.03599177999665579,0.051471744567866594
13.153153153153154,0.0030538235593216734,0.005405873334099557,0.008560042283110886,0.012739279033910297,0.018250589746893992,0.02565147165903277,0.03601311927186341,0.05153044634196347
13.213213213213214,0.003013113016156735,0.005358357766787106,0.00851259210494906,0.012698691030502196,0.018223632379014084,0.025644895852950628,0.036034316032519394,0.051588734914111825
13.273273273273274,0.0029728458085497437,0.005311269652842475,0.008465504623692272,0.012658383559570352,0.018196854538217202,0.025638361164515396,0.03605535326327347,0.05164658147439776
13.333333333333334,0.002935455313512798,0.005266338826852235,0.008419922908698285,0.012619000337509114,0.01817046127442548,0.025631680989060133,0.03607567459448335,0.05170299750358037
13.393393393393394,0.0028986315849596133,0.005221922016194334,0.008374760101872526,0.012579928254721411,0.01814425603236038,0.025625031267941904,0.036095808631383584,0.0517589250511085
13.453453453453454,0.002862359053640252,0.005178007542571089,0.008330007975816093,0.01254116213667642,0.018118236515842025,0.025618412576601874,0.03611575916966616,0.05181437233755384
13.513513513513514,0.002826622150304777,0.005134583727684821,0.008285658303130074,0.012502696808843314,0.01809240042869055,0.025611825490481195,0.03613553000502307,0.05186934758348816
13.573573573573574,0.0027914053057032503,0.005091638893237848,0.008241702856415565,0.012464527096691267,0.018066745474726073,0.025605270585021028,0.03615512493314632,0.05192385900948315
13.633633633633634,0.002756692950585735,0.00504916136093249,0.008198133408273656,0.012426647825689453,0.01804126935776873,0.02559874843566253,0.03617454774972789,0.05197791483611057
13.693693693693694,0.0027224695157022933,0.005007139452471065,0.008154941731305442,0.012389053821307047,0.018015969781638646,0.025592259617846863,0.036193802250459796,0.05203152328394212
13.753753753753754,0.0026887194318029888,0.004965561489555892,0.008112119598112014,0.012351739909013221,0.017990844450155946,0.025585804707015183,0.03621289223103401,0.05208469257354954
13.813813813813814,0.0026554271296378835,0.004924415793889291,0.008069658781294465,0.01231470091427715,0.01796589106714076,0.025579384278608647,0.03623182148714254,0.05213743092550457
13.873873873873874,0.0026225770399570403,0.004883690687173579,0.008027551053453888,0.012277931662568008,0.017941107336413218,0.02557299890806841,0.03625059381447737,0.05218974656037891
13.933933933933934,0.0025901535935105215,0.004843374491111077,0.007985788187191376,0.01224142697935497,0.01791649096179344,0.02556664917083564,0.036269213008730504,0.05224164769874431
13.993993993993994,0.002558141221048391,0.004803455527404104,0.00794436195510802,0.012205181690107208,0.017892039647101562,0.025560335642351488,0.03628768286559394,0.05229314256117249
14.054054054054054,0.00252652435332071,0.004763922117754977,0.007903264129804915,0.012169190620293896,0.017867751096157708,0.025554058898057112,0.03630600718075966,0.05234423936823517
14.114114114114114,0.0024952874210775414,0.004724762583866018,0.007862486483883152,0.012133448595384209,0.017843623012782008,0.02554781951339367,0.03632418974991967,0.052394946340504095
14.174174174174174,0.0024644148550689486,0.004685965247439543,0.007822020789943825,0.012097950440847322,0.017819653100794582,0.025541618063802327,0.036342234368765956,0.052445271698550976
14.234234234234235,0.002433891086044994,0.004647518430177872,0.007781858820588025,0.012062690982152407,0.017795839064015568,0.02553545512472423,0.036360144832990514,0.05249522366294755
14.294294294294295,0.0024037005447557405,0.004609410453783326,0.007741992348416845,0.012027665044768638,0.017772178606265086,0.025529331271600546,0.036377924938285344,0.052544810454265546
14.354354354354355,0.00237382766195125,0.004571629639958221,0.00770241314603138,0.01199286745416519,0.017748669431363266,0.02552324707987243,0.03639557848034244,0.05259404029307668
14.414414414414415,0.0023442568683815865,0.004534164310404878,0.0076631129860327205,0.011958293035811238,0.01772530924313024,0.02551720312498104,0.03641310925485379,0.05264292139995269
14.474474474474475,0.0023149725947968114,0.004497002786825615,0.007624083641021959,0.011923936615175953,0.017702095745386125,0.025511199982367536,0.0364305210575114,0.0526914619954653
14.534534534534535,0.0022859592719469877,0.0044601333909227514,0.007585316883600189,0.01188979301772851,0.01767902664195106,0.025505238227473075,0.03644781768400725,0.05273967030018624
14.594594594594595,0.0022572013305821787,0.004423544444398607,0.007546804486368503,0.011855857068938085,0.017656099636645165,0.025499318435738817,0.036465002930033345,0.05278755453468723
14.654654654654655,0.0022286832014524463,0.0043872242689555,0.007508538221927993,0.011822123594273851,0.017633312433288573,0.025493441182605915,0.036482080591281676,0.052835122919540005
14.714714714714715,0.0022003893153078537,0.004351161186295748,0.007470509862879752,0.01178858741920498,0.01761066273570141,0.025487607043515534,0.03649905446344424,0.052882383675316294
14.774774774774775,0.0021723041028984635,0.004315343518121672,0.0074327111818248736,0.011755243369200648,0.017588148247703796,0.025481816593908826,0.036515928342213025,0.05292934502258782
14.834834834834835,0.002144411994974338,0.004279759586135592,0.00739513395136445,0.011722086269730028,0.017565766673115872,0.02547607040922695,0.036532706023280036,0.052976015181926316
14.894894894894895,0.00211669742228554,0.004244397712039823,0.007357769944099573,0.011689110946262295,0.017543515715757754,0.02547036906491107,0.03654939130233726,0.0530224023739035
14.954954954954955,0.002089144815582133,0.004209246217536688,0.007320610932631336,0.011656312224266623,0.01752139307944958,0.025464713136402337,0.036565987975076694,0.053068514819091105
15.015015015015015,0.002062608449060089,0.0041749094595529565,0.007284057441534378,0.0116239197572489,0.01749947864975707,0.02545904689558572,0.03658230572985385,0.05311398801081103
15.075075075075075,0.002037542092483781,0.00414170815220752,0.007248321792577877,0.011592055076190433,0.017477814473076777,0.025453340538348797,0.03659824362840382,0.05315862905822713
15.135135135135135,0.0020128122964302424,0.004108838918918894,0.007212870450355994,0.011560411217074535,0.01745629263727641,0.02544766699870419,0.03661405492365588,0.0532029251927084
15.195195195195195,0.001988410858627991,0.004076295298785987,0.007177698649319192,0.011528984994203078,0.01743491154219922,0.025442026375240484,0.03662974176734579,0.05324688147808196
15.255255255255255,0.0019643295768055472,0.004044070830907706,0.007142801623917928,0.011497773221877937,0.017413669587688457,0.025436418766546266,0.036645306311209304,0.05329050297817489
15.315315315315315,0.001940560248691429,0.004012159054382957,0.007108174608602664,0.011466772714400981,0.017392565173587362,0.02543084427121012,0.03666075070698216,0.05333379475681432
15.375375375375375,0.0019170946720141564,0.003980553508310648,0.007073812837823859,0.011435980286074083,0.017371596699739186,0.02542530298782063,0.03667607710640011,0.05337676187782735
15.435435435435435,0.0018939246445022475,0.0039492477317896865,0.0070397115460319746,0.011405392751199117,0.01735076256598718,0.02541979501496638,0.03669128766119891,0.05341940940504108
15.495495495495495,0.0018710419638842217,0.0039182352639189795,0.00700586596767747,0.011375006924077951,0.017330061172174588,0.02541432045123596,0.0367063845231143,0.05346174240228262
15.555555555555555,0.0018484384278885982,0.0038875096437974337,0.0069722713372108065,0.011344819619012462,0.017309490918144658,0.025408879395217947,0.036721369843882024,0.05350376593337907
15.615615615615615,0.001826105834243896,0.0038570644105239563,0.006938922889082444,0.011314827650304518,0.01728905020374064,0.02540347194550093,0.03673624577523784,0.05354548506215755
15.675675675675675,0.0018040359806786336,0.003826893103197454,0.006905815857742841,0.011285027832255993,0.01726873742880578,0.0253980982006735,0.03675101446891749,0.05358690485244515
15.735735735735735,0.0017822206649213308,0.003796989260916835,0.00687294547764246,0.011255416979168757,0.017248550993183325,0.02539275825932423,0.036765678076656726,0.053628030368068985
15.795795795795796,0.0017606516847005062,0.003767346422781006,0.006840306983231761,0.011225991905344686,0.017228489296716526,0.025387452220041715,0.0367802387501913,0.053668866672856155
15.855855855855856,0.0017393208377446787,0.003737958127888874,0.006807895608961203,0.011196749425085648,0.01720855073924863,0.025382180181414533,0.03679469864125695,0.05370941883063377
15.915915915915916,0.0017182199217823679,0.003708817915339346,0.0067757065892812465,0.011167686352693516,0.017188733720622882,0.025376942242031273,0.03680905990158943,0.053749691905228936
15.975975975975976,0.0016973407345420922,0.003679919324231329,0.0067437351586423526,0.011138799502470166,0.017169036640682533,0.025371738500480516,0.03682332468292449,0.05378969096046876
16.036036036036037,0.0016766750737523704,0.0036512558936637298,0.00671197655149498,0.011110085688717464,0.01714945789927083,0.025366569055350854,0.03683749513699788,0.05382942106018035
16.096096096096097,0.0016562147371417227,0.003622821162735457,0.00668042600228959,0.011081541725737285,0.017129995896231022,0.025361434005230866,0.036851573415545354,0.0538688872681908
16.156156156156158,0.0016359515224386673,0.003594608670545417,0.006649078745476643,0.011053164427831502,0.017110649031406355,0.025356333448709138,0.036865561670302645,0.05390809464832723
16.216216216216218,0.0016158772273717234,0.0035666119561925166,0.0066179300155066,0.011024950609301986,0.017091415704640078,0.025351267484374256,0.036879462053005505,0.053947048264416736
16.276276276276278,0.00159598364966941,0.003538824558775663,0.0065869750468299185,0.010996897084450608,0.01707229431577544,0.025346236210814804,0.03689327671538969,0.05398575318028643
16.336336336336338,0.0015762625870602465,0.003511240017393764,0.0065562090738970616,0.010969000667579241,0.017053283264655685,0.025341239726619367,0.03690700780919094,0.054024214459763416
16.396396396396398,0.0015567058372727512,0.003483851871145726,0.006525627331158488,0.01094125817298976,0.017034380951124063,0.02533627813037653,0.036920657486145016,0.0540624371666748
16.456456456456458,0.0015373051980354436,0.003456653659130456,0.006495225053064658,0.010913666414984032,0.017015585775023823,0.02533135152067488,0.03693422789798765,0.05410042636484768
16.516516516516518,0.0015180524670768427,0.0034296389204468616,0.006464997474066033,0.010886222207863932,0.01699689613619821,0.025326459996102998,0.036947721196454605,0.05413818711810918
16.576576576576578,0.0014989394421254674,0.00340280119419385,0.006434939828613071,0.01085892236593133,0.016978310434490475,0.025321603655249474,0.036961139533281624,0.05417572449028639
16.636636636636638,0.001479957920909837,0.0033761340194703275,0.006405047351156235,0.0108317637034881,0.016959827069743864,0.025316782596702888,0.036974485060204454,0.05421304354520642
16.696696696696698,0.0014610997011584703,0.0033496309353752023,0.006375315276145982,0.010804743034836115,0.016941444441801626,0.025311996919051827,0.03698775992895884,0.05425014934669638
16.756756756756758,0.0014428380321969405,0.0033235754800443884,0.0063458966266735925,0.010777915640343258,0.016923146563398498,0.02530718562773802,0.03700088586950836,0.05428695105445408
16.816816816816818,0.0014249105750940433,0.003297822040889162,0.006316722375936536,0.01075126752927556,0.016904956330864057,0.02530238970025896,0.03701390032511147,0.05432347293823124
16.876876876876878,0.0014072132445369407,0.00327230931661963,0.0062877603159815195,0.010724788069205479,0.016886878546231332,0.02529762320818158,0.03702681996563087,0.05435973258713513
16.936936936936938,0.0013897460405256324,0.003247037307235792,0.006259010446808544,0.01069847726013302,0.01686891320950032,0.02529288615150589,0.03703964479106657,0.05439573000116575
16.996996996996998,0.001372508963060119,0.003222006012737648,0.006230472768417608,0.01067233510205818,0.016851060320671022,0.02528817853023188,0.03705237480141856,0.054431465180323095
17.057057057057058,0.0013555020121404,0.003197215433125198,0.006202147280808714,0.01064636159498096,0.016833319879743437,0.025283500344359555,0.03706500999668686,0.054466938124607164
17.117117117117118,0.0013387251877664756,0.0031726655683984423,0.006174033983981859,0.010620556738901358,0.016815691886717568,0.025278851593888915,0.03707755037687145,0.054502148834017966
17.177177177177178,0.0013221784899383458,0.0031483564185573803,0.006146132877937046,0.010594920533819378,0.01679817634159341,0.025274232278819957,0.03708999594197234,0.05453709730855549
17.237237237237238,0.0013058619186560104,0.003124287983602013,0.006118443962674273,0.010569452979735017,0.01678077324437097,0.025269642399152685,0.03710234669198952,0.05457178354821975
17.2972972972973,0.0012897754739194696,0.0031004602635323394,0.0060909672381935405,0.010544154076648276,0.016763482595050245,0.025265081954887098,0.037114602626923,0.05460620755301074
17.35735735735736,0.0012739191557287234,0.00307687325834836,0.0060637027044948485,0.010519023824559154,0.016746304393631232,0.02526055094602319,0.03712676374677278,0.05464036932292845
17.41741741741742,0.0012582929640837718,0.003053526968050075,0.006036650361578197,0.010494062223467653,0.01672923864011393,0.02525604937256097,0.03713883005153886,0.054674268857972885
17.47747747747748,0.001242896898984615,0.0030304213926374834,0.006009810209443587,0.010469269273373771,0.016712285334498346,0.025251577234500434,0.03715080154122123,0.054707906158144054
17.53753753753754,0.0012277309604312523,0.0030075565321105863,0.0059831822480910166,0.010444644974277509,0.016695444476784477,0.02524713453184158,0.0371626782158199,0.05474128122344195
17.5975975975976,0.0012127951484236844,0.0029849323864693834,0.005956766477520487,0.010420189326178867,0.016678716066972323,0.02524272126458441,0.03717446007533487,0.054774394053866575
17.65765765765766,0.001198089462961911,0.0029625489557138745,0.0059305628977319984,0.010395902329077845,0.01666210010506188,0.02523833743272892,0.03718614711976614,0.05480724464941793
17.71771771771772,0.0011836139040459323,0.0029404062398440596,0.0059045715087255495,0.010371783982974442,0.016645596591053153,0.02523398303627512,0.0371977393491137,0.054839833010096005
17.77777777777778,0.001169368471675748,0.002918504238859939,0.005878792310501142,0.01034783428786866,0.01662920552494614,0.025229658075223003,0.037209236763377555,0.05487215913590081
17.83783783783784,0.0011553531658513583,0.002896842952761512,0.005853225303058774,0.010324053243760496,0.01661292690674084,0.02522536254957257,0.037220639362557706,0.054904223026832344
17.8978978978979,0.0011415679865727632,0.00287542238154878,0.005827870486398447,0.010300440850649953,0.016596760736437254,0.025221096459323817,0.03723194714665416,0.054936024682890605
17.95795795795796,0.0011280129338399627,0.0028542425252217414,0.005802727860520162,0.01027699710853703,0.016580707014035384,0.02521685980447675,0.03724316011566691,0.0549675641040756
18.01801801801802,0.0011146880076529568,0.002833303383780397,0.005777797425423916,0.010253722017421725,0.016564765739535227,0.02521265258503137,0.03725427826959596,0.05499884129038731
18.07807807807808,0.0011015932080117453,0.0028126049572247467,0.005753079181109711,0.010230615577304042,0.016548936912936785,0.02520847480098767,0.0372653016084413,0.055029856241825756
18.13813813813814,0.0010887285349163284,0.002792147245554791,0.0057285731275775464,0.010207677788183976,0.016533220534240056,0.025204326452345657,0.037276230132202944,0.05506060895839093
18.1981981981982,0.001076093988366706,0.0027719302487705286,0.005704279264827423,0.010184908650061532,0.016517616603445043,0.025200207539105325,0.03728706384088088,0.055091099440082836
18.25825825825826,0.0010636895683628783,0.0027519539668719607,0.005680197592859339,0.010162308162936708,0.01650212512055174,0.025196118061266676,0.03729780273447511,0.055121327686901464
18.31831831831832,0.001051515274904845,0.002732218399859087,0.005656328111673297,0.010139876326809504,0.016486746085560156,0.025192058018829715,0.037308446812985646,0.05515129369884682
18.37837837837838,0.0010395711079926064,0.0027127235477319074,0.005632670821269294,0.010117613141679919,0.016471479498470287,0.025188027411794434,0.037318996076412474,0.055180997475918904
18.43843843843844,0.001027536755490063,0.0026931758292935318,0.005608982944853931,0.010095332265763347,0.016456208339147252,0.025184001080647396,0.037329557409841695,0.05521073514739259
18.4984984984985,0.001014322662703584,0.002672576616221824,0.005584438667339541,0.010072399849938404,0.01644053455886659,0.025179893444285444,0.037340494387219224,0.05524151400898039
18.55855855855856,0.0010012667230822423,0.002652152151034075,0.00556005202923496,0.01004959421455207,0.01642494693233965,0.02517580959004191,0.03735136056633952,0.05527209717524376
18.61861861861862,0.0009883689366260375,0.0026319024337302863,0.005535823030540189,0.010026915359604349,0.01640944545956642,0.025171749517916796,0.037362155947202574,0.055302484646182704
18.67867867867868,0.0009756293033349693,0.0026118274643104566,0.005511751671255229,0.010004363285095238,0.01639403014054691,0.025167713227910105,0.037372880529808396,0.05533267642179722
18.73873873873874,0.0009630478232090381,0.002591927242774587,0.005487837951380079,0.009981937991024738,0.016378700975281116,0.02516370072002183,0.03738353431415698,0.0553626725020873
18.7987987987988,0.0009506244962482441,0.002572201769122676,0.005464081870914739,0.009959639477392847,0.016363457963769038,0.02515971199425198,0.03739411730024834,0.05539247288705295
18.85885885885886,0.0009383593224525867,0.002552651043354725,0.005440483429859208,0.009937467744199568,0.016348301106010675,0.025155747050600547,0.03740462948808246,0.055422077576694165
18.91891891891892,0.0009262523018220663,0.0025332750654707336,0.0054170426282134886,0.009915422791444901,0.01633323040200603,0.025151805889067534,0.03741507087765935,0.055451486571010955
18.97897897897898,0.0009143034343566828,0.0025140738354707017,0.005393759465977579,0.009893504619128845,0.0163182458517551,0.02514788850965294,0.037425441468979,0.05548069987000331
19.03903903903904,0.0009025127200564362,0.0024950473533546288,0.00537063394315148,0.009871713227251399,0.016303347455257886,0.02514399491235677,0.03743574126204142,0.055509717473671234
19.0990990990991,0.0008908801589213265,0.002476195619122516,0.005347666059735191,0.009850048615812563,0.01628853521251439,0.025140125097179014,0.03744597025684661,0.05553853938201472
19.15915915915916,0.0008794057509513537,0.002457518632774362,0.005324855815728712,0.009828510784812339,0.01627380912352461,0.025136279064119683,0.037456128453394556,0.05556716559503379
19.21921921921922,0.0008680894961465178,0.0024390163943101683,0.0053022032111320425,0.009807099734250726,0.016259169188288545,0.025132456813178772,0.037466215851685275,0.05559559611272842
19.27927927927928,0.0008569313945068189,0.0024206889037299336,0.005279708245945184,0.009785815464127722,0.016244615406806197,0.025128658344356278,0.03747623245171876,0.05562383093509862
19.33933933933934,0.0008459314460322568,0.0024025361610336585,0.005257370920168135,0.009764657974443331,0.016230147779077567,0.025124883657652204,0.03748617825349501,0.055651870062144386
19.3993993993994,0.0008350896507228316,0.002384558166221343,0.005235191233800897,0.00974362726519755,0.01621576630510265,0.025121132753066554,0.03749605325701402,0.055679713493865725
19.45945945945946,0.0008244060085785434,0.0023667549192929868,0.005213169186843469,0.00972272333639038,0.016201470984881453,0.02511740563059932,0.037505857462275805,0.05570736123026263
19.51951951951952,0.0008138805195993921,0.0023491264202485903,0.005191304779295851,0.00970194618802182,0.01618726181841397,0.02511370229025051,0.03751559086928036,0.05573481327133511
19.57957957957958,0.0008035131837853776,0.0023316726690881533,0.0051695980111580424,0.009681295820091872,0.016173138805700205,0.025110022732020117,0.03752525347802767,0.05576206961708315
19.63963963963964,0.0007933040011365001,0.0023143936658116754,0.005148048882430045,0.009660772232600534,0.016159101946740154,0.025106366955908146,0.03753484528851775,0.055789130267506766
19.6996996996997,0.0007832529716527595,0.0022972894104191575,0.005126657393111858,0.009640375425547807,0.01614515124153382,0.025102734961914595,0.037544366300750594,0.05581599522260595
19.75975975975976,0.0007733600953341558,0.0022803599029105988,0.00510542354320348,0.00962010539893369,0.016131286690081206,0.02509912675003946,0.03755381651472621,0.0558426644823807
19.81981981981982,0.0007636253721806889,0.0022636051432859995,0.0050843473327049134,0.009599962152758186,0.016117508292382305,0.02509554232028275,0.03756319593044458,0.05586913804683102
19.87987987987988,0.0007540488021923591,0.0022470251315453603,0.0050634287616161565,0.009579945687021292,0.01610381604843712,0.02509198167264446,0.03757250454790573,0.055895415915956904
19.93993993993994,0.0007446303853691661,0.00223061986768868,0.00504266782993721,0.009560056001723008,0.01609020995824565,0.025088444807124587,0.03758174236710964,0.05592149808975837
20.0,0.00073537012171111,0.0022143893517159595,0.005022064537668073,0.009540293096863335,0.0160766900218079,0.025084931723723135,0.037590909388056315,0.05594738456823539
20.06006006006006,0.0007262680112181908,0.002198333583627198,0.0050016188848087464,0.009520656972442273,0.016063256239123865,0.025081442422440106,0.03760000561074576,0.055973075351387985
20.12012012012012,0.0007173240538904085,0.0021824525634223965,0.00498133087135923,0.009501147628459822,0.016049908610193547,0.025077976903275494,0.037609031035177966,0.05599857043921615
20.18018018018018,0.0007085382497277632,0.0021667462911015545,0.004961200497319524,0.009481765064915982,0.016036647135016943,0.025074535166229303,0.03761798566135294,0.056023869831719884
20.24024024024024,0.0006999105987302547,0.0021512147666646717,0.004941227762689628,0.009462509281810753,0.016023471813594058,0.025071117211301532,0.03762686948927068,0.05604897352889918
20.3003003003003,0.0006914411008978831,0.002135857990111749,0.004921412667469542,0.009443380279144134,0.016010382645924887,0.02506772303849218,0.037635682518931186,0.05607388153075405
20.36036036036036,0.0006831297562306485,0.002120675961442785,0.004901755211659267,0.009424378056916127,0.015997379632009433,0.025064352647801248,0.03764442475033446,0.056098593837284494
20.42042042042042,0.0006749765647285508,0.0021056686806577808,0.004882255395258802,0.00940550261512673,0.015984462771847698,0.02506100603922874,0.0376530961834805,0.0561231104484905
20.48048048048048,0.0006669815263915899,0.002090836147756736,0.004862913218268147,0.009386753953775945,0.015971632065439677,0.025057683212774646,0.037661696818369304,0.05614743136437208
20.54054054054054,0.000659144641219766,0.002076178362739651,0.004843728680687301,0.009368132072863768,0.01595888751278537,0.025054384168438977,0.037670226655000874,0.05617155658492923
20.6006006006006,0.000651465909213079,0.0020616953256065254,0.004824701782516266,0.009349636972390205,0.015946229113884783,0.025051108906221725,0.03767868569337521,0.05619548611016194
20.66066066066066,0.0006439453303715289,0.0020473870363573593,0.004805832523755041,0.009331268652355252,0.015933656868737912,0.025047857426122894,0.03768707393349231,0.056219219940070224
20.72072072072072,0.0006365829046951157,0.0020332534949921524,0.004787120904403627,0.009313027112758908,0.015921170777344756,0.025044629728142483,0.03769539137535218,0.05624275807465408
20.78078078078078,0.0006293786321838394,0.0020192947015109054,0.004768566924462023,0.009294912353601177,0.015908770839705315,0.025041425812280495,0.037703638018954815,0.056266100513913495
20.84084084084084,0.0006223325128377,0.0020055106559136175,0.0047501705839302286,0.009276924374882057,0.015896457055819595,0.02503824567853692,0.03771181386430022,0.056289247257848486
20.9009009009009,0.0006154445466566975,0.0019919013582002892,0.004731931882808245,0.009259063176601546,0.015884229425687586,0.025035089326911772,0.037719918911388386,0.056312198306459046
20.96096096096096,0.000608714733640832,0.0019784668083709205,0.004713850821096071,0.009241328758759647,0.015872087949309298,0.025031956757405043,0.03772795316021932,0.056334953659745175
21.02102102102102,0.0006021430737901033,0.0019652070064255112,0.004695927398793707,0.009223721121356358,0.015860032626684725,0.025028847970016734,0.037735916610793015,0.05635751331770687
21.08108108108108,0.0005957295671045115,0.0019521219523640618,0.004678161615901154,0.00920624026439168,0.015848063457813866,0.02502576296474684,0.03774380926310948,0.05637987728034414
21.14114114114114,0.0005894742135840567,0.0019392116461865714,0.00466055347241841,0.009188886187865614,0.015836180442696725,0.025022701741595373,0.03775163111716871,0.05640204554765697
21.2012012012012,0.0005833770132287387,0.0019264760878930408,0.004643102968345477,0.009171658891778157,0.0158243835813333,0.025019664300562322,0.03775938217297071,0.056424018119645376
21.26126126126126,0.0005766868767073847,0.0019132294969802484,0.004625255791784135,0.00915414258037587,0.015812415153205958,0.025016594442357327,0.037767301987257994,0.056446469705081645
21.32132132132132,0.0005693285368875128,0.0018994031509542812,0.004606956394791751,0.009136295586505772,0.015800249331980147,0.025013486535214288,0.03777541456616185,0.056469467916954605
21.38138138138138,0.0005620635428056516,0.001885692380529907,0.004588766808640114,0.009118539496312533,0.01578814742720155,0.02501039756105753,0.03778347701686126,0.056492328650465856
21.44144144144144,0.0005548918944618013,0.0018720971857071251,0.004570687033329223,0.00910087430979615,0.015776109438870176,0.025007327519887053,0.03779148933935624,0.05651505190561539
21.5015015015015,0.0005478135918559619,0.0018586175664859355,0.004552717068859079,0.009083300026956623,0.015764135366986017,0.025004276411702858,0.03779945153364679,0.05653763768240322
21.56156156156156,0.0005408286349881332,0.0018452535228663386,0.004534856915229682,0.009065816647793953,0.015752225211549075,0.025001244236504943,0.03780736359973291,0.05656008598082933
21.62162162162162,0.0005339370238583155,0.0018320050548483345,0.004517106572441031,0.009048424172308141,0.015740378972559352,0.02499823099429331,0.0378152255376146,0.05658239680089373
21.68168168168168,0.0005271387584665086,0.0018188721624319225,0.004499466040493127,0.009031122600499184,0.015728596650016843,0.024995236685067958,0.03782303734729185,0.05660457014259643
21.74174174174174,0.0005204338388127125,0.0018058548456171032,0.004481935319385969,0.009013911932367084,0.015716878243921553,0.024992261308828888,0.03783079902876467,0.056626606005937406
21.8018018018018,0.0005138222648969272,0.0017929531044038765,0.004464514409119558,0.00899679216791184,0.01570522375427348,0.0249893048655761,0.03783851058203305,0.056648504390916676
21.86186186186186,0.0005073040367191529,0.0017801669387922424,0.004447203309693893,0.008979763307133454,0.015693633181072624,0.024986367355309593,0.03784617200709701,0.05667026529753423
21.92192192192192,0.0005008791542793893,0.0017674963487822005,0.004430002021108975,0.008962825350031924,0.01568210652431899,0.024983448778029365,0.03785378330395653,0.05669188872579008
21.98198198198198,0.0004945476175776366,0.0017549413343737514,0.004412910543364804,0.008945978296607251,0.015670643784012568,0.024980549133735423,0.03786134447261162,0.056713374675684214
22.04204204204204,0.0004883094266138947,0.0017425018955668948,0.004395928876461379,0.008929222146859435,0.015659244960153362,0.024977668422427757,0.03786885551306228,0.056734723147216636
22.1021021021021,0.0004821645813881637,0.0017301780323616307,0.0043790570203987005,0.008912556900788474,0.015647910052741378,0.024974806644106375,0.037876316425308504,0.05675593414038735
22.16216216216216,0.0004761130819004436,0.001717969744757959,0.004362294975176768,0.008895982558394371,0.01563663906177661,0.024971963798771275,0.03788372720935029,0.05677700765519635
22.22222222222222,0.00047015492815073425,0.00170587703275588,0.004345642740795583,0.008879499119677125,0.015625431987259054,0.024969139886422458,0.03789108786518765,0.05679794369164364
22.28228228228228,0.0004642901201390358,0.0016938998963553936,0.004329100317255144,0.008863106584636734,0.015614288829188722,0.024966334907059917,0.037898398392820574,0.056818742249729215
22.34234234234234,0.0004585186578653481,0.0016820383355564995,0.004312667704555451,0.0088468049532732,0.015603209587565605,0.024963548860683662,0.03790565879224907,0.056839403329453086
22.4024024024024,0.00045284054132967134,0.001670292350359198,0.004296344902696506,0.008830594225586524,0.015592194262389704,0.024960781747293687,0.03791286906347313,0.05685992693081524
22.46246246246246,0.0004472557705320054,0.0016586619407634889,0.004280131911678307,0.008814474401576703,0.015581242853661022,0.02495803356688999,0.03792002920649276,0.05688031305381568
22.52252252252252,0.00044176434547235025,0.0016471471067693725,0.004264028731500854,0.00879844548124374,0.015570355361379557,0.024955304319472578,0.03792713922130796,0.056900561698454415
22.58258258258258,0.000436366266150706,0.0016357478483768485,0.004248035362164148,0.008782507464587632,0.015559531785545309,0.024952594005041448,0.03793419910791872,0.05692067286473144
22.64264264264264,0.00043106153256707263,0.0016244641655859173,0.004232151803668188,0.008766660351608382,0.015548772126158277,0.024949902623596597,0.037941208866325044,0.056940646552646745
22.7027027027027,0.00042585014472145,0.0016132960583965783,0.004216378056012975,0.008750904142305988,0.015538076383218465,0.02494723017513803,0.03794816849652694,0.056960482762200344
22.762762762762762,0.0004207321026138383,0.001602243526808832,0.004200714119198509,0.008735238836680452,0.015527444556725868,0.02494457665966574,0.037955077998524406,0.056980181493392235
22.822822822822822,0.00041570740624423744,0.0015913065708226782,0.004185159993224789,0.00871966443473177,0.01551687664668049,0.024941942077179733,0.03796193737231744,0.05699974274622241
22.882882882882882,0.0004107760556126474,0.0015804851904381168,0.004169715678091815,0.008704180936459947,0.015506372653082327,0.02493932642768001,0.037968746617906037,0.057019166520690875
22.942942942942942,0.0004059380507190682,0.001569779385655148,0.004154381173799589,0.00868878834186498,0.015495932575931383,0.024936729711166568,0.0379755057352902,0.057038452816797626
23.003003003003002,0.0004011933915634998,0.001559189156473772,0.004139156480348108,0.008673486650946869,0.015485556415227655,0.024934151927639404,0.03798221472446994,0.05705760163454267
23.063063063063062,0.00039654207814594235,0.0015487145028939883,0.0041240415977373745,0.008658275863705616,0.015475244170971146,0.024931593077098524,0.03798887358544524,0.057076612973925994
23.123123123123122,0.0003919841104663957,0.001538355424915797,0.004109036525967388,0.008643155980141218,0.015464995843161853,0.024929053159543923,0.03799548231821611,0.05709548683494762
23.183183183183182,0.0003875194885248599,0.0015281119225391984,0.004094141265038147,0.008628127000253677,0.015454811431799779,0.024926532174975605,0.038002040922782546,0.05711422321760752
23.243243243243242,0.0003831482123213349,0.0015179839957641921,0.004079355814949653,0.008613188924042992,0.01544469093688492,0.02492403012339357,0.03800854939914455,0.05713282212190572
23.303303303303302,0.0003788702818558208,0.0015079716445907786,0.0040646801757019055,0.008598341751509166,0.01543463435841728,0.024921547004797814,0.03801500774730212,0.057151283547842206
23.363363363363362,0.0003746856971283175,0.0014980748690189576,0.004050114347294904,0.008583585482652195,0.015424641696396856,0.02491908281918834,0.03802141596725526,0.057169607495416976
23.423423423423422,0.0003705944581388251,0.001488293669048729,0.00403565832972865,0.00856892011747208,0.01541471295082365,0.024916637566565147,0.03802777405900396,0.057187793964630036
23.483483483483482,0.00036659656488734346,0.001478628044680093,0.0040213121230031415,0.008554345655968822,0.015404848121697661,0.024914211246928233,0.03803408202254824,0.05720584295548139
23.543543543543542,0.00036269201737387276,0.0014690779959130496,0.004007075727118381,0.008539862098142422,0.01539504720901889,0.024911803860277606,0.03804033985788808,0.05722375446797103
23.603603603603602,0.00035888081559841287,0.0014596435227475985,0.003992949142074365,0.008525469443992878,0.015385310212787336,0.024909415406613258,0.038046547565023486,0.05724152850209896
23.663663663663662,0.0003551629595609638,0.00145032462518374,0.003978932367871097,0.00851116769352019,0.015375637133002999,0.02490704588593519,0.03805270514395446,0.05725916505786517
23.723723723723722,0.0003515384492615256,0.0014411213032214743,0.003965025404508576,0.008496956846724359,0.015366027969665878,0.024904695298243403,0.038058812594681,0.057276664135269675
23.783783783783782,0.0003480072847000982,0.0014320335568608008,0.0039512282519868006,0.008482836903605386,0.015356482722775976,0.024902363643537897,0.03806486991720311,0.05729402573431247
23.843843843843842,0.00034456946587668166,0.00142306138610172,0.0039375409103057715,0.008468807864163267,0.015347001392333292,0.024900050921818673,0.03807087711152079,0.05731124985499356
23.903903903903903,0.000341224992791276,0.0014142047909442316,0.003923963379465489,0.008454869728398005,0.015337583978337822,0.024897757133085733,0.038076834177634036,0.05732833649731293
23.963963963963963,0.00033797386544388115,0.0014054637713883358,0.003910495659465954,0.0084410224963096,0.015328230480789573,0.024895482277339072,0.03808274111554284,0.05734528566127058
24.024024024024023,0.00033481608383449717,0.0013968383274340324,0.003897137750307165,0.008427266167898054,0.015318940899688539,0.02489322635457869,0.03808859792524723,0.05736209734686653
24.084084084084083,0.00033120914646961227,0.0013878017203764904,0.0038834542174066822,0.008413265411241565,0.015309497501073561,0.024890931680045254,0.03809459435757698,0.05737931532071213
24.144144144144143,0.000327514414923159,0.001378704812157484,0.003869735104806664,0.008399243591754792,0.015300045318069607,0.02488863667769828,0.038100604019039495,0.057396577378535346
24.204204204204203,0.00032386850730380546,0.001369680251343841,0.00385609006796394,0.008385285156049367,0.015290639182603082,0.0248863558742862,0.03810657912469815,0.057413746583632984
24.264264264264263,0.00032027050546926507,0.0013607271464705893,0.0038425183699387824,0.008371389536601659,0.01528127872617591,0.02488408917218197,0.03811251999569171,0.05743082385628844
24.324324324324323,0.00031671949127725084,0.0013518446060727563,0.0038290192737914625,0.008357556165888038,0.015271963580290012,0.02488183647375855,0.03811842695315893,0.05744781011678513
24.384384384384383,0.000313214546585476,0.0013430317386853691,0.0038155920425822516,0.008343784476384869,0.015262693376447312,0.024879597681388893,0.03812430031823859,0.05746470628540644
24.444444444444443,0.0003097547532516538,0.0013342876528434553,0.003802235939371422,0.008330073900568525,0.015253467746149732,0.024877372697445957,0.03813014041206945,0.05748151328243578
24.504504504504503,0.0003063391931334973,0.0013256114570820428,0.0037889502272192444,0.008316423870915373,0.015244286320899199,0.0248751614243027,0.03813594755579028,0.05749823202815656
24.564564564564563,0.00030296694808871973,0.0013170022599361584,0.003775734169185991,0.008302833819901781,0.015235148732197633,0.024872963764332075,0.03814172207053985,0.057514863442852164
24.624624624624623,0.00029963709997503433,0.0013084591699408302,0.0037625870283319336,0.008289303180004119,0.015226054611546958,0.02487077961990704,0.038147464277456924,0.057531408446806
24.684684684684683,0.00029634873065015425,0.0012999812956310853,0.0037495080677173434,0.008275831383698756,0.015217003590449097,0.024868608893400555,0.03815317449768027,0.05754786796030148
24.744744744744743,0.00029310092197179255,0.0012915677455419513,0.0037364965504024916,0.00826241786346206,0.015207995300405975,0.02486645148718557,0.03815885305234865,0.057564242903622
24.804804804804803,0.0002898927557976626,0.0012832176282084556,0.003723551739447651,0.0082490620517704,0.015199029372919512,0.02486430730363505,0.03816450026260084,0.05758053419705096
24.864864864864863,0.0002867233139854775,0.0012749300521656258,0.003710672897913092,0.008235763381100145,0.015190105439491635,0.024862176245121943,0.0381701164495756,0.05759674276087176
24.924924924924923,0.00028359167839295035,0.0012667041259484893,0.003697859288859087,0.008222521283927664,0.015181223131624262,0.024860058214019213,0.03817570193441171,0.05761286951536781
24.984984984984983,0.0002804969308777945,0.0012585389580920736,0.003685110175345907,0.008209335192729325,0.015172382080819322,0.02485795311269981,0.038181257038247915,0.0576289153808225
25.045045045045043,0.00027743815329772295,0.001250433657131406,0.0036724248204338247,0.008196204539981499,0.015163581918578735,0.024855860843536696,0.038186782082222995,0.057644881277519246
25.105105105105103,0.00027441442751044903,0.001242387331601514,0.0036598024871831105,0.008183128758160551,0.015154822276404424,0.024853781308902822,0.03819227738747572,0.057660768125741446
25.165165165165163,0.00027142483537368584,0.0012343990900374254,0.0036472424386540365,0.008170107279742853,0.015146102785798313,0.024851714411171153,0.03819774327514486,0.057676576845772494
25.225225225225223,0.0002684684587451466,0.0012264680409741673,0.003634743937906874,0.008157139537204773,0.015137423078262324,0.024849660052714637,0.03820318006636917,0.057692308357895794
25.285285285285283,0.00026554437948254445,0.0012185932929467676,0.003622306248001895,0.00814422496302268,0.015128782785298384,0.024847618135906236,0.03820858808228742,0.05770796358239476
25.345345345345343,0.0002626516794435926,0.0012107739544902532,0.003609928631999371,0.008131362989672942,0.015120181538408412,0.024845588563118904,0.03821396764403839,0.05772354343955278
25.405405405405403,0.0002597894404860042,0.001203009134139652,0.0035976103529595737,0.008118553049631928,0.015111618969094333,0.024843571236725596,0.03821931907276083,0.057739048849653266
25.465465465465464,0.0002569567444674925,0.0011952979404299912,0.003585350673942774,0.008105794575376007,0.015103094708858069,0.024841566059099273,0.03822464268959351,0.05775448073297961
25.525525525525524,0.00025415267324577066,0.0011876394818962986,0.0035731488580092448,0.008093086999381549,0.015094608389201545,0.02483957293261289,0.03822993881567521,0.05776984000981522
25.585585585585584,0.0002513763086785518,0.0011800328670736012,0.0035610041682192567,0.00808042975412492,0.015086159641626684,0.024837591759639403,0.03823520777214469,0.0577851276004435
25.645645645645647,0.00024862673262354896,0.0011724772044969267,0.003548915867633081,0.00806782227208249,0.015077748097635407,0.02483562244255177,0.03824044988014071,0.05780034442514785
25.705705705705707,0.0002459030269384757,0.0011649716027013028,0.0035368832193109906,0.00805526398573063,0.01506937338872964,0.024833664883722944,0.03824566546080205,0.05781549140421167
25.765765765765767,0.000243204273481045,0.0011575151702217568,0.003524905486313256,0.008042754327545707,0.015061035146411304,0.024831718985525886,0.03825085483526746,0.05783056945791836
25.825825825825827,0.00024052955410897,0.0011501070155933162,0.00351298193170015,0.00803029273000409,0.015052733002182322,0.024829784650333548,0.03825601832467573,0.05784557950655133
25.885885885885887,0.00023787795067996395,0.0011427462473510086,0.0035011118185319426,0.008017878625582148,0.015044466587544622,0.024827861780518892,0.0382611562501656,0.05786052247039398
25.945945945945947,0.00023524854505174004,0.0011354319740298612,0.0034892944098689066,0.008005511446756248,0.01503623553400012,0.02482595027845487,0.038266268932875866,0.057875399269729705
26.006006006006007,0.00023264041908201138,0.0011281633041649016,0.0034775289687713133,0.00799319062600276,0.015028039473050744,0.02482405004651444,0.038271356693945276,0.057890210824841914
26.066066066066067,0.00023005265462849118,0.0011209393462911573,0.0034658147582994343,0.007980915595798057,0.015019878036198416,0.02482216098707056,0.0382764198545126,0.057904958056014005
26.126126126126128,0.00022748433354889265,0.0011137592089436555,0.003454151041513541,0.0079686857886185,0.01501175085494506,0.024820283002496186,0.03828145873571661,0.05791964188352938
26.186186186186188,0.00022493453770092896,0.0011066220006574242,0.003442537081473905,0.007956500636940464,0.015003657560792598,0.02481841599516427,0.03828647365869607,0.05793426322767145
26.246246246246248,0.00022240234894231327,0.0010995268299674903,0.003430972141240798,0.007944359573240314,0.014995597785242953,0.02481655986744778,0.038291464944589744,0.05794882300872361
26.306306306306308,0.00021988684913075876,0.0010924728054088819,0.003419455483874492,0.007932262029994423,0.014987571159798048,0.02481471452171966,0.03829643291453641,0.057963322146969254
26.366366366366368,0.00021738712012397862,0.0010854590355166259,0.003407986372435258,0.007920207439679154,0.014979577315959808,0.024812879860352872,0.038301377889674824,0.0579777615626918
26.426426426426428,0.00021490224377968605,0.00107848462882575,0.003396564069983368,0.007908195234770881,0.014971615885230155,0.024811055785720373,0.038306300191143755,0.057992142176174634
26.486486486486488,0.00021243130195559422,0.0010715486938712817,0.0033851878395790938,0.007896224847745971,0.014963686499111013,0.02480924220019512,0.03831120014008198,0.058006464907701165
26.546546546546548,0.0002099733765094163,0.0010646503391882483,0.003373856944282706,0.007884295711080793,0.014955788789104304,0.024807439006150067,0.038316078057628246,0.0580207306775548
26.606606606606608,0.00020752754929886547,0.0010577886733116775,0.003362570647154477,0.007872407257251714,0.014947922386711951,0.024805646105958173,0.03832093426492134,0.05803494040601894
26.666666666666668,0.00020509290218165494,0.0010509628047765966,0.003351328211254679,0.007860558918735104,0.01494008692343588,0.024803863401992397,0.03832576908310002,0.05804909501337698
26.726726726726728,0.00020266851701549786,0.0010441718421180333,0.0033401288996435822,0.007848750128007334,0.01493228203077801,0.024802090796625688,0.03833058283330306,0.058063195419912325
26.786786786786788,0.00020025347565810742,0.001037414893871015,0.003328971975381459,0.00783698031754477,0.014924507340240268,0.02480032819223101,0.03833537583666922,0.05807724254590838
26.846846846846848,0.0001979033929170621,0.0010307391479494389,0.0033178943710553484,0.007825276389150778,0.014916778650418447,0.024798578353376937,0.03834013254692424,0.05809119199735511
26.906906906906908,0.00019611892254381698,0.0010245702829712175,0.003307229561471448,0.007813881488789065,0.014909239030577916,0.024796866576421384,0.03834471250627322,0.05810464265685654
26.966966966966968,0.000194364317933099,0.001018452553791115,0.003296620438137684,0.0078025351761012805,0.014901735163860624,0.024795165686012033,0.03834926614909224,0.0581180241393594
27.027027027027028,0.00019263895326564667,0.0010123853175550927,0.0032860664588975474,0.007791237025603378,0.014894266765366003,0.024793475599321806,0.03835379371447216,0.05813133713083399
27.087087087087088,0.0001909422027221985,0.001006367931409113,0.003275567081594531,0.007779986611811314,0.014886833550193483,0.02479179623352363,0.03835829544150385,0.05814458231725059
27.147147147147148,0.0001892734404834929,0.0010003997524991373,0.003265121764072126,0.007768783509241042,0.014879435233442498,0.02479012750579042,0.03836277156927816,0.05815776038457949
27.207207207207208,0.00018763204073026836,0.0009944801379711276,0.0032547299641738246,0.007757627292408515,0.01487207153021248,0.0247884693332951,0.03836722233688596,0.05817087201879099
27.26726726726727,0.0001860173776432634,0.0009886084449710454,0.0032443911397431187,0.007746517535829689,0.01486474215560286,0.024786821633210592,0.03837164798341811,0.05818391790585538
27.32732732732733,0.00018442882540321652,0.000982784030644853,0.0032341047486235002,0.007735453814020518,0.014857446824713074,0.024785184322709816,0.03837604874796547,0.05819689873174295
27.38738738738739,0.00018286575819086615,0.0009770062521385118,0.0032238702486584603,0.007724435701496957,0.014850185252642551,0.024783557318965695,0.038380424869618894,0.058209815182423984
27.44744744744745,0.00018132755018695083,0.0009712744665979837,0.003213687097691492,0.0077134627727749585,0.014842957154490724,0.024781940539151153,0.03838477658746925,0.05822266794386879
27.50750750750751,0.000179813575572209,0.0009655880311692305,0.0032035547535660862,0.007702534602370479,0.014835762245357025,0.02478033390043911,0.038389104140607394,0.05823545770204764
27.56756756756757,0.00017832320852737915,0.0009599463029982139,0.0031934726741257354,0.007691650764799471,0.014828600240340887,0.024778737320002485,0.038393407768124194,0.058248185142930835
27.62762762762763,0.00017685582323319983,0.0009543486392308957,0.0031834403172139314,0.00768081083457789,0.014821470854541743,0.024777150715014202,0.0383976877091105,0.05826085095248867
27.68768768768769,0.00017541079387040946,0.0009487943970132379,0.003173457140674166,0.00767001438622169,0.014814373803059024,0.024775574002647183,0.03840194420265718,0.058273455816691425
27.74774774774775,0.00017398749461974651,0.0009432829334912022,0.0031635226023499306,0.0076592609942468266,0.014807308800992161,0.02477400710007435,0.038406177487855096,0.0582860004215094
27.80780780780781,0.0001725852996619495,0.0009378136058107503,0.0031536361600847176,0.007648550233169252,0.014800275563440591,0.024772449924468618,0.038410387803795104,0.058298485452912885
27.86786786786787,0.0001712035831777569,0.000932385771117844,0.0031437972717220193,0.007637881677504923,0.014793273805503741,0.02477090239300292,0.03841457538956807,0.05831091159687217
27.92792792792793,0.0001698417193479072,0.0009269987865584452,0.0031340053951053265,0.007627254901769792,0.014786303242281047,0.02476936442285017,0.03841874048426485,0.05832327953935754
27.98798798798799,0.00016849908235313892,0.0009216520092785156,0.0031242599880781322,0.007616669480479814,0.01477936358887194,0.024767835931183292,0.03842288332697631,0.0583355899663393
28.04804804804805,0.0001671750463741905,0.0009163447964240172,0.0031145605084839274,0.007606124988150944,0.01477245456037585,0.02476631683517521,0.0384270041567933,0.058347843563787735
28.10810810810811,0.0001658689855918004,0.0009110765051409113,0.003104906414166204,0.007595620999299136,0.014765575871892214,0.02476480705199884,0.0384311032128067,0.05836004101767313
28.16816816816817,0.00016458027418670714,0.0009058464925751602,0.003095297162968454,0.007585157088440344,0.014758727238520461,0.024763306498827107,0.038435180734107344,0.05837218301396578
28.22822822822823,0.00016330828633964918,0.0009006541158727256,0.00308573221273417,0.007574732830090523,0.014751908375360025,0.024761815092832932,0.03843923695978611,0.05838427023863598
28.28828828828829,0.0001620523962313651,0.0008954987321795691,0.003076211021306843,0.007564347798765627,0.014745118997510336,0.02476033275118924,0.038443272128933864,0.05839630337765402
28.34834834834835,0.00016081197804259322,0.0008903796986416526,0.003066733046529966,0.007554001568981611,0.014738358820070829,0.024758859391068946,0.03844728648064146,0.05840828311699019
28.40840840840841,0.00015958640595407217,0.0008852963724049379,0.003057297746247029,0.007543693715254428,0.014731627558140935,0.024757394929644978,0.038451280253999756,0.058420210142614774
28.46846846846847,0.00015837505414654035,0.0008802481106153868,0.0030479045783015257,0.007533423812100035,0.014724924926820086,0.024755939284090252,0.03845525368809961,0.05843208514049807
28.52852852852853,0.0001571772968007363,0.000875234270418961,0.003038553000536947,0.007523191434034383,0.014718250641207716,0.024754492371577695,0.03845920702203189,0.05844390879661038
28.58858858858859,0.00015599250809739844,0.0008702542089616225,0.003029242470796785,0.007512996155573429,0.014711604416403254,0.024753054109280227,0.03846314049488745,0.058455681796921975
28.64864864864865,0.00015482006221726531,0.000865307283389333,0.0030199724469245318,0.007502837551233126,0.014704985967506135,0.024751624414370767,0.03846705434575716,0.05846740482740316
28.70870870870871,0.0001536593333410754,0.0008603928508480542,0.0030107423867636787,0.007492715195529429,0.01469839500961579,0.02475020320402224,0.03847094881373188,0.05847907857402422
28.76876876876877,0.00015250969564956714,0.0008555102684837479,0.003001551748157718,0.007482628662978293,0.014691831257831654,0.024748790395407564,0.03847482413790246,0.058490703722755444
28.82882882882883,0.00015137052332347907,0.000850658893442376,0.0029923999889501416,0.007472577528095671,0.014685294427253156,0.024747385905699665,0.038478680557359764,0.05850228095956713
28.88888888888889,0.00015024119054354962,0.0008458380828699002,0.0029832865669844415,0.007462561365397518,0.01467878423297973,0.024745989652071462,0.03848251831119466,0.05851381097042957
28.94894894894895,0.0001491210714905173,0.0008410471939122824,0.0029742109401041093,0.007452579749399789,0.014672300390110806,0.02474460155169588,0.03848633763849801,0.05852529444131305
29.00900900900901,0.00014800954034512062,0.0008362855837154843,0.0029651725661526372,0.007442632254618438,0.01466584261374582,0.024743221521745837,0.03849013877836066,0.058536732058187865
29.06906906906907,0.000146905971288098,0.0008315526094254677,0.0029561709029735164,0.007432718455569419,0.014659410618984202,0.024741849479394253,0.03849392196987348,0.0585481245070243
29.12912912912913,0.00014580973850018803,0.0008268476281881945,0.0029472054084102393,0.007422837926768686,0.014653004120925385,0.024740485341814052,0.03849768745212734,0.05855947247379265
29.18918918918919,0.0001447202161621291,0.0008221699971496263,0.002938275540306298,0.007412990242732194,0.0146466228346688,0.02473912902617816,0.038501435464213085,0.05857077664446321
29.24924924924925,0.00014363677845465972,0.0008175190734557252,0.002929380756505184,0.007403174977975898,0.014640266475313881,0.02473778044965949,0.038505166245221586,0.058582037705006265
29.30930930930931,0.00014255879955851837,0.0008128942142524526,0.002920520514850389,0.0073933917070157515,0.01463393475796006,0.024736439529430974,0.038508880034243693,0.058593256341392105
29.36936936936937,0.00014148565365444357,0.0008082947766857706,0.0029116942731854055,0.00738364000436771,0.01462762739770677,0.024735106182665525,0.038512577070370285,0.05860443323959103
29.42942942942943,0.00014041671492317373,0.0008037201179016409,0.002902901489353725,0.007373919444547726,0.01462134410965344,0.024733780326536066,0.038516257592692206,0.058615569085573326
29.48948948948949,0.00013935135754544742,0.0007991695950460252,0.002894141621198839,0.007364229602071755,0.014615084608899506,0.024732461878215522,0.03851992184030032,0.05862666456530929
29.54954954954955,0.00013828895570200305,0.0007946425652648854,0.00288541412656424,0.007354570051455752,0.014608848610544399,0.02473115075487681,0.038523570052285495,0.0586377203647692
29.60960960960961,0.0001372288835735792,0.0007901383857041833,0.0028767184632934196,0.0073449403672156705,0.01460263582968755,0.024729846873692857,0.03852720246773858,0.05864873716992335
29.66966966966967,0.00013617051534091422,0.0007856564135098807,0.00286805408922987,0.007335340123867466,0.014596445981428393,0.024728550151836583,0.03853081932575045,0.058659715666742045
29.72972972972973,0.0001351132251847467,0.0007811960058279393,0.0028594204622170824,0.007325768895927091,0.014590278780866361,0.02472726050648091,0.03853442086541196,0.05867065654119557
29.78978978978979,0.00013405638728581512,0.000776756519804321,0.0028508170400985493,0.0073162262579105014,0.014584133943100885,0.024725977854798756,0.038538007325813965,0.058681560479254206
29.84984984984985,0.0001329993758248579,0.0007723373125849875,0.0028422432807177623,0.0073067117843336514,0.014578011183231395,0.02472470211396305,0.03854157894604733,0.05869242816688825
29.90990990990991,0.00013194156498261357,0.0007679377413159006,0.0028336986419182134,0.007297225049712495,0.014571910216357328,0.024723433201146703,0.03854513596520291,0.058703260290068005
29.96996996996997,0.0001308823289398206,0.0007635571631430222,0.0028251825815433945,0.007287765628562986,0.014565830757578115,0.024722171033522644,0.03854867862237158,0.05871405753476375
30.03003003003003,0.0001298210418772175,0.0007591949352123141,0.0028166945574367975,0.00727833309540108,0.014559772521993185,0.024720915528263793,0.03855220715664419,0.05872482058694577
30.09009009009009,0.00012875707797554273,0.0007548504146697378,0.002808234027441914,0.007268927024742731,0.014553735224701974,0.024719666602543076,0.03855572180711161,0.05873555013258437
30.15015015015015,0.00012768981141553478,0.0007505229586612556,0.0027998004494022358,0.007259546991103893,0.014547718580803913,0.024718424173533406,0.03855922281286468,0.058746246857649835
30.21021021021021,0.00012661861637793212,0.0007462119243328288,0.0027913932811612554,0.007250192569000521,0.014541722305398434,0.02471718815840771,0.038562710412994285,0.05875691144811246
30.27027027027027,0.00012554286704347326,0.0007419166688304194,0.0027830119805624643,0.007240863332948569,0.014535746113584968,0.02471595847433891,0.03856618484659127,0.05876754458994252
30.33033033033033,0.00012446193759289666,0.0007376365492999893,0.0027746560054493544,0.007231558857463992,0.014529789720462951,0.024714735038499927,0.038569646352746505,0.05877814696911034
30.39039039039039,0.0001233752022069408,0.0007333709228875003,0.0027663248136654173,0.007222278717062743,0.014523852841131812,0.024713517768063683,0.038573095170550846,0.05878871927158617
30.45045045045045,0.00012228203506634423,0.0007291191467389138,0.0027580178630541453,0.007213022486260778,0.014517935190690985,0.024712306580203097,0.03857653153909515,0.05879926218334034
30.51051051051051,0.00012118181035184534,0.0007248805780001921,0.0027497346114590303,0.00720378973957405,0.014512036484239902,0.02471110139209109,0.03857995569747029,0.05880977639034311
30.57057057057057,0.00012007390224418267,0.0007206545738172967,0.002741474516723564,0.007194580051518515,0.014506156436877995,0.02470990212090059,0.038583367884767114,0.05882026257856479
30.63063063063063,0.0001189576849240947,0.0007164404913361894,0.002733237036691238,0.007185392996610126,0.014500294763704697,0.024708708683804516,0.03858676834007649,0.05883072143397566
30.69069069069069,0.0001178325325723199,0.0007122376877028322,0.0027250216292055447,0.007176228149364837,0.014494451179819439,0.024707520997975786,0.03859015730248927,0.058841153642546024
30.75075075075075,0.00011669781936959676,0.0007080455200631867,0.0027168277521099756,0.007167085084298605,0.014488625400321654,0.024706338980587328,0.03859353501109633,0.058851559890246166
30.81081081081081,0.00011555291949666377,0.0007038633455632146,0.0027086548632480226,0.007157963375927381,0.014482817140310774,0.024705162548812054,0.038596901704988515,0.05886194086304637
30.87087087087087,0.0001143972071342594,0.000699690521348878,0.002700502420463178,0.007148862598767122,0.014477026114886233,0.024703991619822896,0.0386002576232567,0.05887229724691694
30.93093093093093,0.00011323005646312217,0.0006955264045661385,0.002692369881598933,0.007139782327333781,0.01447125203914746,0.02470282611079277,0.038603603004991736,0.05888262972782816
30.99099099099099,0.00011205084166399051,0.000691370352360958,0.0026842567044987804,0.007130722136143312,0.01446549462819389,0.0247016659388946,0.03860693808928448,0.05889293899175032
31.05105105105105,0.00011085893691760295,0.0006872217218792981,0.0026761623470062113,0.007121681599711671,0.014459753597124956,0.024700511021301302,0.03861026311522581,0.058903225724653716
31.11111111111111,0.00010965371640469795,0.0006830798702671207,0.0026680862669647178,0.007112660292554812,0.014454028661040086,0.024699361275185808,0.03861357832190657,0.05891349061250864
31.17117117117117,0.00010843455430601401,0.0006789441546703877,0.0026600279222177914,0.007103657789188688,0.014448319535038718,0.02469821661772103,0.03861688394841763,0.05892373434128537
31.23123123123123,0.0001072008248022896,0.0006748139322350608,0.002651986770608925,0.007094673664129255,0.01444262593422028,0.024697076966079895,0.038620180233849846,0.05893395759695422
31.29129129129129,0.0001059519020742632,0.0006706885601071018,0.0026439622699816093,0.007085707491892467,0.014436947573684206,0.024695942237435323,0.038623467417294076,0.058944161065485466
31.35135135135135,0.00010468716030267331,0.0006665673954324724,0.002635953878179337,0.0070767588469942775,0.014431284168529929,0.024694812348960236,0.03862674573784119,0.058954345432849393
31.41141141141141,0.00010340597366825842,0.0006624497953571346,0.0026279610530456,0.007067827303950642,0.014425635433856878,0.024693687217827557,0.03863001543458204,0.05896451138501631
31.47147147147147,0.000102107716351757,0.0006583351170270501,0.0026199832524238893,0.007058912437277514,0.01442000108476449,0.024692566761210205,0.0386332767466075,0.058974659607956496
31.53153153153153,0.00010079176253390752,0.0006542227175881806,0.0026120199341576975,0.007050013821490848,0.014414380836352195,0.0246914508962811,0.03863652991300841,0.05898479078764025
31.59159159159159,9.985598168435044e-05,0.000650452282054426,0.002604333736815909,0.007041323790699504,0.014408891619387564,0.024690367031873967,0.03863966744539887,0.058994576026595004
31.65165165165165,9.923260172091169e-05,0.000646965822491057,0.002596879772417427,0.0070328094395215165,0.014403513398186798,0.024689310452830206,0.03864270773489733,0.05900407154544133
31.71171171171171,9.861696670120993e-05,0.0006435030444835984,0.0025894567062980985,0.007024323277439966,0.01439815645870171,0.024688260101688297,0.03864573321077089,0.059013529484300914
31.77177177177177,9.800879189189565e-05,0.0006400635964764147,0.0025820642215669074,0.007015865043960414,0.014392820616360685,0.024687215919152215,0.03864874401990274,0.059022950247042176
31.83183183183183,9.740779255961929e-05,0.0006366471269138706,0.002574702001332839,0.007007434478588424,0.014387505686592097,0.024686177845925954,0.03865174030917605,0.059032334237533526
31.89189189189189,9.681368397103132e-05,0.0006332532842403308,0.002567369728704878,0.006999031320829558,0.014382211484824329,0.024685145822713493,0.038654722225474024,0.05904168185964338
31.95195195195195,9.622618139278223e-05,0.0006298817169001598,0.00256006708679201,0.0069906553101893795,0.014376937826485763,0.024684119790218822,0.03865768991567983,0.059050993517240156
32.012012012012015,9.564500009152246e-05,0.0006265320733377224,0.0025527937587032186,0.006982306186173449,0.014371684527004776,0.02468309968914592,0.03866064352667667,0.05906026961419226
32.072072072072075,9.50698553339025e-05,0.0006232040019973832,0.0025455494275474903,0.0069739836882873295,0.014366451401809748,0.024682085460198785,0.038663583205347705,0.059069510554368106
32.132132132132135,9.450046238657282e-05,0.0006198971513235071,0.0025383337764338094,0.006965687556036585,0.014361238266329063,0.024681077044081394,0.03866650909857614,0.05907871674163611
32.192192192192195,9.393653651618386e-05,0.0006166111697604585,0.002531146488471161,0.006957417528926776,0.014356044935991097,0.024680074381497732,0.03866942135324515,0.05908788857986469
32.252252252252255,9.33777929893861e-05,0.0006133457057526021,0.0025239872467685293,0.006949173346463467,0.014350871226224233,0.02467907741315179,0.038672320116237925,0.05909702647292225
32.312312312312315,9.282394707283002e-05,0.0006101004077443028,0.0025168557344349,0.006940954748152219,0.01434571695245685,0.02467808607974755,0.038675205534437644,0.05910613082467721
32.372372372372375,9.227471403316608e-05,0.000606874924179925,0.002509751634579258,0.006932761473498595,0.014340581930117328,0.024677100321989002,0.03867807775472749,0.059115202038997984
32.432432432432435,9.172980913704472e-05,0.0006036689035038333,0.002502674630310588,0.006924593262008157,0.014335465974634047,0.024676120080580125,0.03868093692399065,0.059124240519752985
32.492492492492495,9.118894765111645e-05,0.0006004819941603927,0.002495624404737875,0.006916449853186468,0.014330368901435388,0.02467514529622491,0.03868378318911031,0.05913324667081062
32.552552552552555,9.065184484203172e-05,0.0005973138445939676,0.002488600640970104,0.006908330986539091,0.014325290525949731,0.024674175909627342,0.03868661669696965,0.05914222089603932
32.612612612612615,9.011821597644099e-05,0.0005941641032489228,0.0024816030221162595,0.0069002364015715864,0.014320230663605457,0.024673211861491406,0.038689437594451856,0.05915116359930748
32.672672672672675,8.958777632099473e-05,0.0005910324185696228,0.0024746312312853274,0.00689216583778952,0.014315189129830944,0.02467225309252109,0.03869224602844012,0.059160075184483525
32.732732732732735,8.906024114234342e-05,0.0005879184390004324,0.0024676849515862915,0.00688411903469845,0.014310165740054573,0.024671299543420375,0.038695042145817614,0.05916895605543586
32.792792792792795,8.853532570713751e-05,0.0005848218129857162,0.0024607638661281375,0.006876095731803943,0.014305160309704726,0.02467035115489325,0.03869782609346753,0.059177806616032905
32.852852852852855,8.801274528202747e-05,0.0005817421889698389,0.00245386765801985,0.006868095668611559,0.01430017265420978,0.0246694078676437,0.038700598018273046,0.05918662727014308
32.912912912912915,8.749221513366378e-05,0.0005786792153971653,0.0024469960103704145,0.006860118584626861,0.014295202588998118,0.024668469622375712,0.038703358067117354,0.05919541842163478
32.972972972972975,8.697345052869688e-05,0.0005756325407120598,0.0024401486062888156,0.0068521642193554114,0.014290249929498119,0.024667536359793272,0.03870610638688363,0.059204180474376436
33.033033033033036,8.645616673377726e-05,0.0005726018133588872,0.0024333251288840376,0.0068442323123027735,0.014285314491138163,0.02466660802060036,0.03870884312445507,0.05921291383223645
33.093093093093096,8.594007901555539e-05,0.0005695866817820122,0.002426525261265066,0.0068363226029745094,0.014280396089346632,0.02466568454550097,0.03871156842671485,0.05922161889908325
33.153153153153156,8.542490264068172e-05,0.0005665867944257994,0.0024197486865408864,0.006828434830876181,0.014275494539551901,0.024664765875199085,0.03871428244054615,0.05923029607878524
33.213213213213216,8.491035287580674e-05,0.0005636017997346135,0.0024129950878204825,0.006820568735513351,0.014270609657182357,0.024663851950398687,0.038716985312832165,0.05923894577521083
33.273273273273276,8.43961449875809e-05,0.0005606313461528192,0.00240626414821284,0.0068127240563915815,0.014265741257666375,0.02466294271180377,0.038719677190456075,0.05924756839222843
33.333333333333336,8.388199424265466e-05,0.000557675082124781,0.0023995555508269433,0.0068049005330164366,0.014260889156432338,0.02466203810011831,0.03872235822030106,0.05925616433370647
33.393393393393396,8.336761590767851e-05,0.0005547326560948638,0.0023928689787717783,0.006797097904893477,0.014256053168908624,0.0246611380560463,0.038725028549250314,0.059264734003513356
33.453453453453456,8.28527252493029e-05,0.0005518037165074322,0.0023862041151563288,0.006789315911528266,0.014251233110523617,0.02466024252029172,0.038727688324187014,0.059273277805517506
33.513513513513516,8.23370375341783e-05,0.0005488879118068506,0.0023795606430895805,0.0067815542924263665,0.014246428796705693,0.02465935143355856,0.03873033769199434,0.05928179614358732
33.573573573573576,8.182026802895519e-05,0.0005459848904374841,0.0023729382456805182,0.006773812787093339,0.014241640042883233,0.024658464736550804,0.03873297679955549,0.05929028942159122
33.633633633633636,8.130213200028402e-05,0.000543094300843697,0.0023663366060381265,0.006766091135034748,0.01423686666448462,0.024657582369972442,0.03873560579375363,0.05929875804339763
33.693693693693696,8.078234471481526e-05,0.0005402157914698542,0.0023597554072713905,0.006758389075756157,0.01423210847693823,0.024656704274527454,0.03873822482147196,0.059307202412874946
33.753753753753756,8.026062143919938e-05,0.0005373490107603202,0.0023531943324892955,0.006750706348763125,0.014227365295672447,0.024655830390919828,0.03874083402959366,0.059315622933891594
33.813813813813816,7.973667744008687e-05,0.0005344936071594598,0.002346653064800826,0.006743042693561216,0.014222636936115649,0.02465496065985355,0.038743433565001914,0.05932402001031598
33.873873873873876,7.921022798412815e-05,0.0005316492291116376,0.002340131287314967,0.006735397849655994,0.014217923213696216,0.024654095022032606,0.0387460235745799,0.05933239404601653
33.933933933933936,7.868098833797372e-05,0.0005288155250612182,0.0023336286831407036,0.006727771556553019,0.014213223943842529,0.02465323341816098,0.03874860420521081,0.059340745444861634
33.993993993993996,7.814867376827404e-05,0.0005259921434525663,0.002327144935387021,0.006720163553757856,0.014208538941982969,0.024652375788942662,0.03875117560377783,0.05934907461071973
34.054054054054056,7.761299954167958e-05,0.0005231787327300467,0.0023206797271629036,0.006712573580776066,0.014203868023545915,0.02465152207508163,0.03875373791716414,0.05935738194745922
34.114114114114116,7.70736809248408e-05,0.0005203749413380239,0.0023142327415773363,0.006705001377113211,0.014199211003959747,0.02465067221728188,0.03875629129225292,0.05936566785894852
34.174174174174176,7.653043318440819e-05,0.0005175804177208627,0.0023078036617393046,0.006697446682274854,0.014194567698652846,0.02464982615624739,0.038758835875927364,0.059373932749056044
34.234234234234236,7.598297158703217e-05,0.0005147948103229277,0.002301392170757793,0.006689909235766558,0.01418993792305359,0.024648983832682148,0.03876137181507065,0.059382177021650204
34.294294294294296,7.543101139936324e-05,0.0005120177675885835,0.0022949979517417865,0.006682388777093885,0.014185321492590363,0.02464814518729014,0.03876389925656596,0.05939040108059942
34.354354354354356,7.487426788805189e-05,0.0005092489379621948,0.00228862068780027,0.0066748850457623975,0.014180718222691542,0.024647310160775353,0.03876641834729649,0.05939860532977209
34.414414414414416,7.431245631974852e-05,0.0005064879698881264,0.002282260062042229,0.006667397781277658,0.014176127928785509,0.02464647869384177,0.03876892923414541,0.05940679017303665
34.474474474474476,7.374529196110366e-05,0.0005037345118107428,0.0022759157575766476,0.0066599267231452295,0.014171550426300642,0.024645650727193383,0.038771432063995914,0.0594149560142615
34.53453453453454,7.317249007876775e-05,0.0005009882121744086,0.0022695874575125114,0.006652471610870674,0.014166985530665324,0.02464482620153417,0.03877392698373118,0.05942310325731505
34.5945945945946,7.259376593939126e-05,0.0004982487194234887,0.0022632748449588048,0.006645032183959554,0.014162433057307933,0.02464400505756812,0.038776414140234396,0.05943123230606572
34.65465465465466,7.200883480962467e-05,0.0004955156820023477,0.002256977603024513,0.006637608181917431,0.01415789282165685,0.02464318723599922,0.03877889368038875,0.05943934356438193
34.71471471471472,7.141741195611843e-05,0.0004927887483553502,0.0022506954148186213,0.00663019934424987,0.014153364639140456,0.024642372677531454,0.038781365751077414,0.05944743743613208
34.77477477477478,7.0819212645523e-05,0.0004900675669268608,0.0022444279634501138,0.00662280541046243,0.01414884832518713,0.024641561322868807,0.03878383049918359,0.05945551432518459
34.83483483483484,7.021395214448888e-05,0.0004873517861612443,0.002238174932027976,0.006615426120060677,0.01414434369522525,0.02464075311271527,0.038786288071590444,0.05946357463540788
34.8948948948949,6.96013457196665e-05,0.0004846410545028653,0.002231936003661193,0.006608061212550171,0.014139850564683202,0.02463994798777482,0.03878873861518117,0.05947161877067035
34.95495495495496,6.898110863770636e-05,0.0004819350203960884,0.0022257108614587495,0.006600710427436476,0.014135368748989362,0.02463914588875145,0.038791182276838955,0.05947964713484043
35.01501501501502,6.835295616525891e-05,0.0004792333322852784,0.00221949918852963,0.006593373504225153,0.01413089806357211,0.02463834675634914,0.03879361920344698,0.05948766013178652
35.07507507507508,6.77166035689746e-05,0.0004765356386147999,0.00221330066798282,0.0065860501824217665,0.014126438323859828,0.024637550531271885,0.03879604954188843,0.05949565816537704
35.13513513513514,6.707176611550393e-05,0.0004738415878290176,0.0022071149829273047,0.006578740201531877,0.014121989345280896,0.024636757154223664,0.03879847343904649,0.0595036416394804
35.1951951951952,6.641815907149735e-05,0.0004711508283722961,0.0022009418164720684,0.006571443301061047,0.01411755094326369,0.02463596656590846,0.038800891041804335,0.05951161095796502
35.25525525525526,6.575549770360534e-05,0.0004684630086890001,0.0021947808517260962,0.006564159220514841,0.014113122933236598,0.02463517870703027,0.03880330249704516,0.05951956652469931
35.31531531531532,6.508349727847834e-05,0.0004657777772234943,0.0021886317717983734,0.006556887699398819,0.014108705130627994,0.024634393518293066,0.03880570795165214,0.059527508743551685
35.37537537537538,6.440187306276685e-05,0.00046309478242014326,0.0021824942597978847,0.006549628477218546,0.01410429735086626,0.02463361094040084,0.03880810755250848,0.05953543801839055
35.43543543543544,6.371034032312131e-05,0.00046041367272331175,0.0021763679988336146,0.006542381293479582,0.014099899409379776,0.02463283091405758,0.038810501446497336,0.05954335475308433
35.4954954954955,6.300861432619222e-05,0.0004577340965773644,0.0021702526720145487,0.006535145887687491,0.014095511121596923,0.02463205337996727,0.03881288978050191,0.05955125935150144
35.55555555555556,6.229641033863e-05,0.0004550557024266659,0.0021641479624496716,0.006527921999347835,0.01409113230294608,0.024631278278833896,0.03881527270140538,0.059559152217510285
35.61561561561562,6.157344362708516e-05,0.0004523781387155808,0.0021580535532479683,0.006520709367966177,0.014086762768855628,0.024630505551361443,0.038817650356090944,0.05956703375497928
35.67567567567568,6.0839429458208136e-05,0.000449701053888474,0.002151969127518424,0.006513507733048079,0.014082402334753948,0.024629735138253894,0.03882002289144177,0.05957490436777684
35.73573573573574,6.009408309864942e-05,0.0004470240963897099,0.002145894368370023,0.006506316834099103,0.014078050816069417,0.02462896698021524,0.03882239045434104,0.059582764459771384
35.7957957957958,5.933711981505947e-05,0.00044434691466365333,0.0021398289589117507,0.006499136410624812,0.014073708028230419,0.024628201017949467,0.03882475319167195,0.059590614434831324
35.85585585585586,5.8568254874088745e-05,0.0004416691571546689,0.002133772582252592,0.006491966202130769,0.014069373786665331,0.024627437192160557,0.03882711125031769,0.059598454696825065
35.91591591591592,5.7787203542387725e-05,0.00043899047230712125,0.0021277249215015323,0.006484805948122535,0.014065047906802536,0.024626675443552497,0.03882946477716142,0.059606285649621026
35.97597597597598,5.699368108660687e-05,0.0004363105085653751,0.0021216856597675556,0.006477655388105674,0.014060730204070412,0.024625915712829273,0.03883181391908634,0.05961410769708762
36.03603603603604,5.618740277339665e-05,0.00043362891437379513,0.002115654480159647,0.006470514261585748,0.01405642049389734,0.02462515794069487,0.03883415882297564,0.05962192124309327
36.0960960960961,5.536808386940753e-05,0.00043094533817674595,0.002109631065786792,0.006463382308068319,0.014052118591711701,0.024624402067853275,0.03883649963571249,0.05962972669150638
36.15615615615616,5.453543964128997e-05,0.0004282594284185922,0.0021036150997579754,0.006456259267058951,0.014047824312941872,0.024623648035008477,0.038838836504180095,0.05963752444619536
36.21621621621622,5.368918535569446e-05,0.00042557083354369864,0.0020976062651821823,0.006449144878063204,0.014043537473016237,0.024622895782864453,0.03884116957526161,0.05964531491102863
36.27627627627628,5.284257474246668e-05,0.000422892206528962,0.002091614768947027,0.0064420470951275215,0.014039263406324989,0.0246221469835268,0.03884349446568374,0.05965308470873075
36.33633633633634,5.241906586873664e-05,0.00042063022702713653,0.0020859696798062274,0.006435222766153474,0.014035174667277349,0.024621455769150466,0.038845669532144425,0.05966040290466395
36.3963963963964,5.199819245246489e-05,0.00041838093307714115,0.0020803440634721703,0.0064284166830607435,0.014031099784067066,0.024620768344428424,0.03884783552006812,0.059667697616114616
36.45645645645646,5.157988468272763e-05,0.00041614417956964373,0.002074737770118299,0.006421628715760319,0.014027038659735763,0.02462008467755058,0.03884999250442199,0.0596749690281762
36.51651651651652,5.116407274860104e-05,0.000413919821395312,0.0020691506499180582,0.006414858734163187,0.014022991197325061,0.024619404736706825,0.03885214056017323,0.05968221732594215
36.57657657657658,5.075068683916131e-05,0.00041170771344481395,0.0020635825530448916,0.006408106608180336,0.014018957299876584,0.024618728490087068,0.03885427976228901,0.059689442694505906
36.63663663663664,5.033965714348463e-05,0.00040950771060881727,0.002058033329672243,0.006401372207722755,0.014014936870431954,0.024618055905881203,0.0388564101857365,0.05969664531896091
36.6966966966967,4.993091385064718e-05,0.00040731966777798987,0.0020525028299735568,0.0063946554027014295,0.014010929812032795,0.02461738695227913,0.03885853190548288,0.05970382538440061
36.75675675675676,4.952438714972515e-05,0.00040514343984299954,0.002046990904122277,0.006387956063027349,0.01400693602772073,0.02461672159747075,0.03886064499649533,0.059710983075918454
36.81681681681682,4.912000722979473e-05,0.0004029788816945141,0.002041497402291847,0.0063812740586115,0.01400295542053738,0.02461605980964596,0.03886274953374102,0.059718118578607884
36.87687687687688,4.871770427993212e-05,0.00040082584822320137,0.0020360221746557124,0.006374609259364873,0.013998987893524368,0.024615401556994664,0.038864845592187135,0.05972523207756234
36.93693693693694,4.831740848921349e-05,0.0003986841943197292,0.0020305650713873156,0.006367961535198453,0.013995033349723318,0.02461474680770676,0.03886693324680084,0.05973232375787528
36.996996996997,4.7919050046715036e-05,0.0003965537748747655,0.002025125942660102,0.006361330756023229,0.013991091692175852,0.024614095529972145,0.03886901257254933,0.05973939380464013
37.05705705705706,4.752255914151295e-05,0.0003944344447789779,0.0020197046386475144,0.0063547167917501896,0.013987162823923595,0.02461344769198072,0.03887108364439976,0.05974644240295035
37.11711711711712,4.712786596268341e-05,0.00039232605892303444,0.0020143010095229974,0.0063481195122903206,0.013983246648008166,0.024612803261922386,0.038873146537319325,0.05975346973789937
37.17717717717718,4.673490069930261e-05,0.0003902284721976028,0.0020089149054599953,0.006341538787554612,0.01397934306747119,0.02461216220798704,0.038875201326275186,0.059760475994580654
37.23723723723724,4.634359354044674e-05,0.0003881415394933509,0.0020035461766319523,0.00633497448745405,0.01397545198535429,0.024611524498364585,0.03887724808623453,0.05976746135808763
37.2972972972973,4.595387467519199e-05,0.00038606511570094654,0.0019981946732123114,0.006328426481899623,0.013971573304699086,0.02461089010124492,0.03887928689216453,0.059774426013513744
37.35735735735736,4.5565674292614544e-05,0.00038399905571105756,0.0019928602453745175,0.00632189464080232,0.013967706928547204,0.02461025898481794,0.03888131781903236,0.05978137014595245
37.41741741741742,4.517892258179059e-05,0.0003819432144143517,0.001987542743292015,0.006315378834073127,0.013963852759940268,0.02460963111727355,0.0388833409418052,0.05978829394049719
37.47747747747748,4.4793549731796315e-05,0.00037989744670149694,0.001982242017138247,0.0063088789316230335,0.013960010701919896,0.024609006466801645,0.038885356335450226,0.05979519758224141
37.53753753753754,4.440948593170792e-05,0.000377861607463161,0.001976957917086658,0.006302394803363026,0.013956180657527713,0.02460838500159213,0.038887364074934615,0.05980208125627855
37.5975975975976,4.402666137060157e-05,0.0003758355515900117,0.001971690293310692,0.006295926319204093,0.013952362529805343,0.024607766689834897,0.038889364235225536,0.05980894514770205
37.65765765765766,4.364500623755347e-05,0.000373819133972717,0.0019664389959837933,0.006289473349057222,0.013948556221794408,0.024607151499719856,0.03889135689129018,0.05981578944160536
37.71771771771772,4.3264450721639805e-05,0.00037181220950194456,0.0019612038752794053,0.006283035762833402,0.01394476163653653,0.0246065393994369,0.03889334211809571,0.059822614323081925
37.77777777777778,4.288492501193676e-05,0.00036981463306836227,0.0019559847813709727,0.006276613430443619,0.013940978677073333,0.024605930357175926,0.038895319990609314,0.05982941997722519
37.83783783783784,4.250635929752052e-05,0.000367826259562638,0.0019507815644319395,0.006270206221798862,0.013937207246446438,0.02460532434112684,0.03889729058379816,0.0598362065891286
37.8978978978979,4.212868376746729e-05,0.0003658469438754396,0.0019455940746357493,0.006263814006810118,0.01393344724769747,0.02460472131947954,0.03889925397262942,0.05984297434388561
37.95795795795796,4.1751828610853245e-05,0.00036387654089743476,0.0019404221621558465,0.006257436655388376,0.01392969858386805,0.02460412126042392,0.038901210232070285,0.059849723426589646
38.01801801801802,4.1375724016754566e-05,0.00036191490551929146,0.0019352656771656751,0.0062510740374446235,0.013925961157999801,0.02460352413214989,0.03890315943708792,0.05985645402233416
38.07807807807808,4.100030017424745e-05,0.0003599618926316774,0.001930124469838679,0.006244726022889848,0.013922234873134348,0.024602929902847338,0.03890510166264951,0.05986316631621259
38.13813813813814,4.06254872724081e-05,0.00035801735712526054,0.0019249983903483025,0.006238392481635037,0.01391851963231331,0.024602338540706172,0.03890703698372222,0.0598698604933184
38.1981981981982,4.025121550031268e-05,0.0003560811538907086,0.0019198872888679895,0.0062320732835911795,0.013914815338578313,0.02460175001391629,0.03890896547527324,0.05987653673874501
38.25825825825826,3.9877415047037386e-05,0.0003541531378186895,0.001914791015571184,0.0062257682986692625,0.013911121894970978,0.024601164290667586,0.038910887212269735,0.05988319523758589
38.31831831831832,3.950401610165841e-05,0.00035223316379987105,0.0019097094206313302,0.006219477396780274,0.01390743920453293,0.02460058133914997,0.03891280226967889,0.059889836174934465
38.37837837837838,3.913094885325193e-05,0.000350321086724921,0.001904642354221872,0.0062132004478352015,0.013903767170305788,0.02460000112755333,0.038914710722467875,0.059896459735884186
38.43843843843844,3.875814349089415e-05,0.0003484167614845072,0.0018995896665162534,0.0062069373217450334,0.013900105695331177,0.024599423624067574,0.03891661264560387,0.0599030661055285
38.4984984984985,3.8385530203661255e-05,0.00034652004296929756,0.0018945512076879187,0.006200687888420758,0.013896454682650721,0.024598848796882598,0.038918508114054055,0.05990965546896085
38.55855855855856,3.801303918062942e-05,0.00034463078606995984,0.0018895268279103116,0.006194452017773361,0.013892814035306041,0.0245982766141883,0.038920397202785596,0.05991622801127468
38.61861861861862,3.764060061087485e-05,0.0003427488456771619,0.0018845163773568766,0.006188229579713833,0.01388918365633876,0.024597707044174584,0.03892227998676568,0.05992278391756343
38.67867867867868,3.7268144683473714e-05,0.00034087407668157154,0.0018795197062010573,0.00618202044415316,0.013885563448790501,0.024597140055031348,0.03892415654096148,0.05992932337292055
38.73873873873874,3.689560158750222e-05,0.00033900633397385664,0.001874536664616298,0.006175824481002332,0.013881953315702886,0.02459657561494849,0.03892602694034017,0.05993584656243949
38.7987987987988,3.652290151203654e-05,0.00033714547244468495,0.0018695671027760428,0.006169641560172333,0.01387835316011754,0.024596013692115913,0.038927891259868924,0.059942353671213686
38.85885885885886,3.614997464615287e-05,0.00033529134698472436,0.0018646108708537355,0.006163471551574155,0.013874762885076084,0.024595454254723512,0.03892974957451493,0.059948844884336584
38.91891891891892,3.57767511789274e-05,0.00033344381248464266,0.0018596678190228202,0.006157314325118782,0.013871182393620141,0.024594897270961192,0.03893160195924535,0.059955320386901635
38.97897897897898,3.540316129943632e-05,0.0003316027238351077,0.0018547377974567412,0.006151169750717205,0.013867611588791334,0.02459434270901885,0.03893344848902738,0.05996178036400227
39.03903903903904,3.502913519675581e-05,0.0003297679359267873,0.0018498206563289424,0.006145037698280411,0.013864050373631285,0.02459379053708638,0.03893528923882817,0.05996822500073195
39.0990990990991,3.465460305996206e-05,0.0003279393036503493,0.0018449162458128677,0.006138918037719387,0.013860498651181618,0.02459324072335369,0.03893712428361492,0.059974654482184114
39.15915915915916,3.427949507813126e-05,0.00032611668189646154,0.0018400244160819614,0.0061328106389451215,0.013856956324483955,0.024592693236010675,0.038938953698354796,0.0599810689934522
39.21921921921922,3.39037414403396e-05,0.00032429992555579185,0.0018351450173096674,0.006126715371868602,0.01385342329657992,0.024592148043247237,0.03894077755801498,0.05998746871962966
39.27927927927928,3.352727233566327e-05,0.000322488889519008,0.0018302778996694298,0.006120632106400817,0.013849899470511134,0.024591605113253274,0.038942595937562635,0.059993853845809936
39.33933933933934,3.315001795317845e-05,0.0003206834286767779,0.0018254229133346928,0.006114560712452753,0.013846384749319221,0.024591064414218686,0.03894440891196495,0.06000022455708647
39.3993993993994,3.277190848196134e-05,0.0003188833979197693,0.0018205799084789,0.006108501059935399,0.013842879036045802,0.024590525914333375,0.0389462165561891,0.06000658103855271
39.45945945945946,3.2392874111088115e-05,0.0003170886521386501,0.001815748735275496,0.006102453018759743,0.013839382233732503,0.024589989581787236,0.03894801894520226,0.060012923475302106
39.51951951951952,3.2012845029634975e-05,0.0003152990462240881,0.0018109292438979242,0.006096416458836773,0.013835894245420944,0.02458945538477017,0.038949816153971605,0.06001925205242809
39.57957957957958,3.163175142667809e-05,0.0003135144350667511,0.0018061212845196292,0.006090391250077475,0.013832414974152748,0.02458892329147208,0.03895160825746431,0.06002556695502412
39.63963963963964,3.1249523491293674e-05,0.00031173467355730697,0.001801324707314055,0.0060843772623928385,0.013828944322969538,0.024588393270082862,0.03895339533064756,0.060031868368183625
39.6996996996997,3.0866091412557895e-05,0.00030995961658642347,0.0017965393624546453,0.006078374365693851,0.013825482194912938,0.024587865288792417,0.038955177448488525,0.06003815647700006
39.75975975975976,3.0481385379546954e-05,0.00030818911904476856,0.0017917651001148444,0.0060723824298915,0.013822028493024571,0.024587339315790643,0.03895695468595438,0.06004443146656687
39.81981981981982,3.0095335581337027e-05,0.0003064230358230099,0.0017870017704680965,0.006066401324896774,0.013818583120346058,0.024586815319267444,0.0389587271180123,0.060050693521977505
39.87987987987988,2.970787220700431e-05,0.0003046612218118155,0.0017822492236878454,0.006060430920620661,0.013815145979919022,0.024586293267412716,0.038960494819629474,0.060056942828325396
39.93993993993994,2.9318925445624992e-05,0.00030290353190185306,0.001777507309947535,0.006054471086974147,0.013811716974785088,0.024585773128416356,0.038962257865773064,0.06006317957070399
40.0,2.8928425486275253e-05,0.00030114982098379046,0.0017727758794206098,0.006048521693868223,0.013808296007985875,0.024585254870468268,0.03896401633141025,0.06006940393420675
40.06006006006006,2.8536302518031295e-05,0.0002993999439482955,0.0017680547822805136,0.006042582611213873,0.01380488298256301,0.024584738461758352,0.03896577029150822,0.060075616103927094
40.12012012012012,2.8142486729969293e-05,0.00029765375568603604,0.0017633438687006905,0.006036653708922088,0.013801477801558111,0.024584223870476506,0.038967519821034136,0.06008181626495848
40.18018018018018,2.774690831116544e-05,0.00029591111108767985,0.0017586429888545843,0.0060307348569038546,0.013798080368012805,0.024583711064812625,0.03896926499495518,0.06008800460239436
40.24024024024024,2.7349497450695926e-05,0.00029417186504389483,0.0017539519929156394,0.006024825925070161,0.013794690584968712,0.024583200012956618,0.03897100588823853,0.06009418130132816
40.3003003003003,2.695018433763694e-05,0.0002924358724453488,0.0017492707310572996,0.006018926783331995,0.013791308355467458,0.024582690683098377,0.03897274257585135,0.060100346546853346
40.36036036036036,2.6548899161064663e-05,0.00029070298818270954,0.001744599053453009,0.006013037301600343,0.013787933582550663,0.024582183043427807,0.03897447513276084,0.06010650052406334
40.42042042042042,2.614557211005529e-05,0.0002889730671466449,0.0017399368102762119,0.006007157349786195,0.01378456616925995,0.024581677062134804,0.038976203633934156,0.06011264341805161
40.48048048048048,2.574013337368501e-05,0.00028724596422782274,0.0017352838517003522,0.006001286797800537,0.013781206018636943,0.02458117270740927,0.03897792815433849,0.060118775413911585
40.54054054054054,2.5332513141030007e-05,0.00028552153431691087,0.0017306400278988736,0.005995425515554359,0.013777853033723263,0.0245806699474411,0.03897964876894101,0.060124896696736714
40.6006006006006,2.492264160116647e-05,0.0002837996323045771,0.0017260051890452207,0.005989573372958647,0.013774507117560536,0.024580168750420198,0.03898136555270888,0.060131007451620436
40.66066066066066,2.4510448943170587e-05,0.00028208011308148925,0.0017213791853128372,0.00598373023992439,0.01377116817319038,0.024579669084536463,0.03898307858060931,0.06013710786365621
40.72072072072072,2.4095865356118548e-05,0.0002803628315383152,0.0017167618668751672,0.0059778959863625745,0.013767836103654422,0.024579170917979794,0.03898478792760944,0.06014319811793747
40.78078078078078,2.3678821029086537e-05,0.0002786476425657227,0.0017121530839056549,0.00597207048218419,0.013764510811994283,0.02457867421894009,0.03898649366867647,0.06014927839955766
40.84084084084084,2.3259246151150748e-05,0.0002769344010543797,0.001707552686577744,0.005966253597300223,0.013761192201251587,0.02457817895560725,0.03898819587877757,0.060155348893610225
40.9009009009009,2.2837070911387366e-05,0.0002752229618949539,0.001702960525064879,0.005960445201621662,0.013757880174467954,0.024577685096171177,0.03898989463287991,0.06016140978518861
40.96096096096096,2.241222549887258e-05,0.0002735131799781132,0.0016983764495405037,0.0059546451650594944,0.01375457463468501,0.024577192608821765,0.03899159000595068,0.06016746125938627
41.02102102102102,2.204997420715056e-05,0.00027186900256395935,0.0016938473992779458,0.005948890083297308,0.013751299748269614,0.024576709798670607,0.03899326118386411,0.06017344015082929
41.08108108108108,2.1754392660768845e-05,0.0002702958832431478,0.0016893782018734217,0.005943183972886992,0.013748058377996785,0.024576237620786735,0.038994905863555036,0.060179340277688315
41.14114114114114,2.1461165508440232e-05,0.0002687312283095472,0.0016849231508760322,0.005937491272656505,0.013744827101710157,0.024575768017469538,0.038996544265359215,0.06018522323764321
41.2012012012012,2.1170292750164722e-05,0.00026717503776315743,0.0016804822462857774,0.005931811982605848,0.013741605919409731,0.024575300988719007,0.038998176389276655,0.060191089030693964
41.26126126126126,2.088177438594232e-05,0.00026562731160397873,0.0016760554881026573,0.005926146102735022,0.013738394831095506,0.02457483653453515,0.03899980223530735,0.0601969376568406
41.32132132132132,2.0595610415773018e-05,0.0002640880498320109,0.0016716428763266717,0.005920493633044025,0.013735193836767483,0.02457437465491797,0.0390014218034513,0.0602027691160831
41.38138138138138,2.031180083965682e-05,0.00026255725244725403,0.001667244410957821,0.005914854573532859,0.013732002936425663,0.024573915349867456,0.03900303509370852,0.06020858340842147
41.44144144144144,2.003034565759373e-05,0.00026103491944970815,0.0016628600919961047,0.0059092289242015225,0.013728822130070043,0.024573458619383617,0.039004642106078985,0.060214380533855714
41.5015015015015,1.9751244869583748e-05,0.0002595210508393731,0.0016584899194415233,0.005903616685050017,0.013725651417700626,0.02457300446346645,0.03900624284056272,0.06022016049238582
41.56156156156156,1.9474498475626868e-05,0.00025801564661624905,0.0016541338932940764,0.00589801785607834,0.01372249079931741,0.024572552882115958,0.03900783729715971,0.0602259232840118
41.62162162162162,1.9200106475723088e-05,0.00025651870678033593,0.0016497920135537642,0.005892432437286495,0.013719340274920395,0.024572103875332135,0.039009425475869955,0.06023166890873365
41.68168168168168,1.8928068869872417e-05,0.00025503023133163376,0.0016454642802205869,0.005886860428674479,0.013716199844509582,0.024571657443114982,0.03901100737669346,0.06023739736655137
41.74174174174174,1.8658385658074848e-05,0.00025355022027014247,0.001641150693294544,0.0058813018302422936,0.013713069508084971,0.024571213585464505,0.03901258299963023,0.06024310865746496
41.8018018018018,1.839105684033039e-05,0.00025207867359586223,0.0016368512527756359,0.005875756641989938,0.013709949265646561,0.024570772302380698,0.03901415234468025,0.060248802781474424
41.86186186186186,1.812608241663903e-05,0.0002506155913087928,0.0016325659586638626,0.005870224863917413,0.013706839117194353,0.024570333593863566,0.03901571541184353,0.06025447973857975
41.92192192192192,1.7863462387000774e-05,0.0002491609734089344,0.0016282948109592238,0.005864706496024718,0.013703739062728348,0.024569897459913104,0.03901727220112008,0.060260139528780954
41.98198198198198,1.7603196751415623e-05,0.0002477148198962869,0.0016240378096617194,0.005859201538311852,0.013700649102248543,0.024569463900529314,0.03901882271250987,0.06026578215207802
42.04204204204204,1.7345285509883582e-05,0.00024627713077085035,0.00161979495477135,0.005853709990778817,0.01369756923575494,0.024569032915712195,0.039020366946012935,0.06027140760847096
42.1021021021021,1.7089728662404644e-05,0.00024484790603262476,0.0016155662462881155,0.005848231853425612,0.01369449946324754,0.02456860450546175,0.03902190490162925,0.060277015897959765
42.16216216216216,1.6836526208978808e-05,0.00024342714568161006,0.0016113516842120152,0.005842767126252237,0.01369143978472634,0.02456817866977798,0.039023436579358826,0.06028260702054444
42.22222222222222,1.6585678149606072e-05,0.0002420148497178063,0.0016071512685430498,0.005837315809258693,0.013688390200191341,0.024567755408660876,0.03902496197920166,0.06028818097622499
42.28228228228228,1.6337184484286445e-05,0.00024061101814121352,0.001602964999281219,0.005831877902444978,0.013685350709642545,0.024567334722110448,0.03902648110115775,0.06029373776500141
42.34234234234234,1.6091045213019925e-05,0.00023921565095183164,0.0015987928764265229,0.005826453405811094,0.013682321313079952,0.024566916610126693,0.0390279939452271,0.0602992773868737
42.4024024024024,1.5847260335806507e-05,0.0002378287481496607,0.0015946348999789615,0.005821042319357039,0.013679302010503557,0.024566501072709607,0.039029500511409715,0.06030479984184185
42.46246246246246,1.56058298526462e-05,0.00023645030973470072,0.0015904910699385349,0.005815644643082815,0.013676292801913367,0.024566088109859194,0.03903100079970558,0.06031030512990588
42.52252252252252,1.5366753763538987e-05,0.0002350803357069517,0.0015863613863052427,0.005810260376988422,0.013673293687309377,0.024565677721575457,0.03903249481011471,0.06031579325106578
42.58258258258258,1.5130032068484884e-05,0.00023371882606641357,0.0015822458490790854,0.005804889521073857,0.013670304666691589,0.02456526990785839,0.0390339825426371,0.060321264205321544
42.64264264264264,1.4895664767483887e-05,0.0002323657808130864,0.0015781444582600626,0.005799532075339123,0.013667325740060004,0.024564864668707994,0.03903546399727274,0.060326717992673175
42.7027027027027,1.4663651860535992e-05,0.00023102119994697015,0.0015740572138481746,0.00579418803978422,0.013664356907414618,0.02456446200412427,0.039036939174021644,0.060332154613120685
42.76276276276276,1.4433993347641204e-05,0.00022968508346806485,0.0015699841158434212,0.0057888574144091464,0.013661398168755435,0.02456406191410722,0.03903840807288381,0.06033757406666406
42.82282282282282,1.4206689228799519e-05,0.0002283574313763705,0.0015659251642458024,0.0057835401992139025,0.013658449524082454,0.02456366439865684,0.03903987069385923,0.0603429763533033
42.88288288288288,1.3981739504010938e-05,0.00022703824367188707,0.0015618803590553183,0.005778236394198489,0.013655510973395674,0.024563269457773134,0.03904132703694791,0.06034836147303842
42.94294294294294,1.375914417327546e-05,0.00022572752035461457,0.001557849700271969,0.0057729459993629065,0.013652582516695096,0.0245628770914561,0.039042777102149845,0.060353729425869404
43.003003003003,1.353890323659309e-05,0.00022442526142455303,0.0015538331878957542,0.005767669014707153,0.01364966415398072,0.024562487299705737,0.03904422088946504,0.06035908021179626
43.06306306306306,1.3321016693963825e-05,0.0002231314668817024,0.0015498308219266742,0.00576240544023123,0.013646755885252545,0.024562100082522048,0.0390456583988935,0.06036441383081898
43.12312312312312,1.310548454538766e-05,0.00022184613672606275,0.0015458426023647288,0.005757155275935137,0.013643857710510573,0.02456171543990503,0.03904708963043521,0.06036973028293757
43.18318318318318,1.2892306790864605e-05,0.00022056927095763404,0.0015418685292099181,0.0057519185218188745,0.013640969629754801,0.024561333371854684,0.039048514584090185,0.060375029568152036
43.24324324324324,1.2681483430394651e-05,0.00021930086957641624,0.0015379086024622421,0.005746695177882442,0.01363809164298523,0.02456095387837101,0.03904993325985842,0.06038031168646237
43.3033033033033,1.2473014463977803e-05,0.00021804093258240937,0.0015339628221217008,0.005741485244125839,0.013635223750201863,0.02456057695945401,0.039051345657739905,0.060385576637868574
43.36336336336336,1.226689989161406e-05,0.00021678945997561345,0.0015300311881882942,0.005736288720549067,0.013632365951404697,0.02456020261510368,0.03905275177773466,0.06039082442237065
43.42342342342342,1.206313971330342e-05,0.00021554645175602847,0.0015261137006620223,0.005731105607152124,0.013629518246593732,0.024559830845320024,0.039054151619842666,0.06039605503996859
43.48348348348348,1.1861733929045885e-05,0.0002143119079236544,0.0015222103595428848,0.005725935903935012,0.013626680635768969,0.02455946165010304,0.03905554518406393,0.0604012684906624
43.54354354354354,1.1662682538841453e-05,0.00021308582847849133,0.0015183211648308822,0.00572077961089773,0.013623853118930407,0.024559095029452725,0.03905693247039845,0.060406464774452086
43.6036036036036,1.1465985542690129e-05,0.00021186821342053915,0.0015144461165260141,0.005715636728040278,0.013621035696078048,0.024558730983369085,0.03905831347884624,0.06041164389133764
43.66366366366366,1.1271642940591911e-05,0.00021065906274979793,0.001510585214628281,0.005710507255362656,0.013618228367211889,0.024558369511852116,0.03905968820940728,0.06041680584131906
43.72372372372372,1.107965473254679e-05,0.00020945837646626765,0.0015067384591376822,0.0057053911928648645,0.013615431132331933,0.024558010614901822,0.03906105666208158,0.06042195062439635
43.78378378378378,1.089002091855478e-05,0.00020826615456994829,0.0015029058500542181,0.005700288540546903,0.013612643991438179,0.0245576542925182,0.03906241883686914,0.06042707824056951
43.84384384384384,1.0702741498615872e-05,0.0002070823970608399,0.001499087387377889,0.005695199298408771,0.013609866944530626,0.024557300544701247,0.03906377473376996,0.06043218868983854
43.9039039039039,1.051781647273007e-05,0.0002059071039389424,0.0014952830711086943,0.0056901234664504695,0.013607099991609273,0.024556949371450965,0.03906512435278404,0.06043728197220344
43.96396396396396,1.0335245840897373e-05,0.00020474027520425586,0.0014914929012466343,0.005685061044671999,0.013604343132674123,0.02455660077276736,0.03906646769391137,0.06044235808766421
44.02402402402402,1.0155029603117778e-05,0.00020358191085678026,0.001487716877791709,0.005680012033073357,0.013601596367725175,0.024556254748650422,0.039067804757151964,0.06044741703622085
44.08408408408408,9.977167759391292e-06,0.0002024320108965156,0.0014839550007439183,0.005674976431654546,0.013598859696762429,0.02455591129910016,0.039069135542505816,0.06045245881787336
44.14414414414414,9.801660309717907e-06,0.00020129057532346188,0.0014802072701032623,0.0056699542404155655,0.013596133119785884,0.02455557042411657,0.03907046004997293,0.060457483432621736
44.2042042042042,9.628507254097626e-06,0.0002001576041376191,0.001476473685869741,0.005664945459356414,0.01359341663679554,0.02455523212369965,0.0390717782795533,0.060462490880465986
44.26426426426426,9.457708592530453e-06,0.00019903309733898726,0.0014727542480433545,0.005659950088477094,0.0135907102477914,0.024554896397849406,0.03907309023124693,0.06046748116140611
44.32432432432432,9.289264325016382e-06,0.00019791705492756633,0.0014690489566241026,0.005654968127777603,0.01358801395277346,0.02455456324656583,0.039074395905053814,0.060472454275442095
44.38438438438438,9.123174451555416e-06,0.00019680947690335637,0.0014653578116119853,0.005649999577257943,0.013585327751741722,0.02455423266984893,0.03907569530097396,0.060477410222573955
44.44444444444444,8.959438972147555e-06,0.00019571036326635735,0.0014616808130070028,0.005645044436918112,0.013582651644696185,0.0245539046676987,0.039076988419007364,0.06048234900280168
44.5045045045045,8.798057886792798e-06,0.00019461971401656925,0.0014580179608091547,0.005640102706758112,0.01357998563163685,0.024553579240115142,0.03907827525915403,0.06048727061612528
44.56456456456456,8.639031195491147e-06,0.00019353752915399208,0.0014543692550184415,0.005635174386777942,0.013577329712563717,0.02455325638709826,0.039079555821413946,0.06049217506254475
44.62462462462462,8.482358898242598e-06,0.00019246380867862586,0.0014507346956348628,0.005630259476977602,0.013574683887476785,0.024552936108648046,0.039080830105787126,0.060497062342060086
44.68468468468468,8.328040995047155e-06,0.00019139855259047057,0.001447114282658419,0.005625357977357092,0.013572048156376054,0.024552618404764505,0.03908209811227357,0.060501932454671295
44.74474474474474,8.176077485904816e-06,0.00019034176088952626,0.0014435080160891097,0.005620469887916413,0.013569422519261527,0.024552303275447634,0.039083359840873265,0.06050678540037837
44.8048048048048,8.026468370815584e-06,0.00018929343357579283,0.0014399158959269352,0.005615595208655563,0.0135668069761332,0.02455199072069744,0.039084615291586224,0.06051162117918132
44.86486486486486,7.879213649779455e-06,0.00018825357064927037,0.0014363379221718953,0.005610733939574543,0.013564201526991075,0.024551680740513913,0.03908586446441244,0.06051643979108013
44.92492492492492,7.734313322796428e-06,0.00018722217210995884,0.00143277409482399,0.0056058860806733534,0.013561606171835152,0.024551373334897063,0.03908710735935191,0.060521241236074816
44.98498498498498,7.591767389866509e-06,0.00018619923795785826,0.0014292244138832196,0.005601051631951994,0.01355902091066543,0.024551068503846883,0.03908834397640464,0.060526025514165374
45.04504504504504,7.451575850989694e-06,0.0001851847681929686,0.0014256888793495836,0.0055962305934104655,0.01355644574348191,0.024550766247363374,0.039089574315570634,0.0605307926253518
45.1051051051051,7.3137387061659824e-06,0.0001841787628152899,0.0014221674912230824,0.005591422965048766,0.013553880670284593,0.02455046656544654,0.03909079837684988,0.060535542569634095
45.16516516516516,7.178255955395376e-06,0.0001831812218248221,0.0014186602495037158,0.005586628746866897,0.013551325691073476,0.024550169458096377,0.03909201616024239,0.06054027534701226
45.22522522522522,7.045127598677875e-06,0.00018219214522156526,0.001415167154191484,0.005581847938864858,0.01354878080584856,0.024549874925312885,0.03909322766574816,0.06054499095748629
45.28528528528528,6.914353636013477e-06,0.00018121153300551938,0.0014116882052863868,0.00557708054104265,0.013546246014609846,0.024549582967096067,0.039094432893367184,0.0605496894010562
45.34534534534534,6.7859340674021845e-06,0.00018023938517668442,0.0014082234027884243,0.005572326553400271,0.013543721317357335,0.02454929358344592,0.039095631843099464,0.06055437067772197
45.4054054054054,6.659868892843997e-06,0.0001792757017350604,0.0014047727466975964,0.005567585975937722,0.013541206714091024,0.024549006774362444,0.03909682451494501,0.06055903478748362
45.46546546546546,6.536158112338913e-06,0.0001783204826806473,0.0014013362370139033,0.0055628588086550045,0.013538702204810916,0.024548722539845642,0.03909801090890381,0.06056368173034113
45.525525525525524,6.414801725886934e-06,0.00017737372801344514,0.0013979138737373446,0.0055581450515521155,0.013536207789517009,0.024548440879895512,0.039099191024975874,0.06056831150629451
45.585585585585584,6.29579973348806e-06,0.00017643543773345394,0.0013945056568679208,0.005553444704629058,0.013533723468209304,0.024548161794512052,0.039100364863161194,0.06057292411534377
45.645645645645644,6.17915213514229e-06,0.00017550561184067367,0.0013911115864056317,0.005548757767885829,0.013531249240887801,0.024547885283695267,0.03910153242345977,0.06057751955748889
45.705705705705704,6.064858930849626e-06,0.00017458425033510432,0.001387731662350477,0.005544084241322432,0.0135287851075525,0.024547611347445153,0.039102693705871605,0.06058209783272988
45.765765765765764,5.869989919679844e-06,0.00017339853382616904,0.0013840009331435844,0.005539095733951276,0.01352607281367683,0.024547257316282312,0.03910402594016435,0.06058710689965932
45.825825825825824,5.673796291946374e-06,0.00017220917868982348,0.0013802681600941385,0.005534106068437236,0.013523359156909956,0.02454690219224185,0.03910535975896776,0.060592118672353444
45.885885885885884,5.479063148602237e-06,0.00017102534720393715,0.0013765455996168478,0.0055291262733566625,0.013520652810388086,0.024546548751668725,0.03910668921025484,0.060597118106716266
45.945945945945944,5.28579048964743e-06,0.00016984703936851007,0.0013728332517117122,0.005524156348709553,0.013517953774111217,0.024546196994562945,0.03910801429402559,0.06060210520274778
46.006006006006004,5.093978315081954e-06,0.00016867425518354222,0.0013691311163787317,0.005519196294495909,0.01351526204807935,0.024545846920924506,0.039109335010280015,0.060607079960448
46.066066066066064,4.90362662490581e-06,0.0001675069946490336,0.0013654391936179062,0.0055142461107157295,0.013512577632292485,0.02454549853075341,0.0391106513590181,0.06061204237981692
46.126126126126124,4.714735419118997e-06,0.00016634525776498422,0.0013617574834292358,0.005509305797369015,0.013509900526750624,0.024545151824049653,0.03911196334023986,0.06061699246085453
46.186186186186184,4.527304697721514e-06,0.00016518904453139406,0.0013580859858127203,0.005504375354455766,0.013507230731453764,0.024544806800813238,0.03911327095394528,0.060621930203560846
46.246246246246244,4.341334460713363e-06,0.00016403835494826317,0.00135442470076836,0.005499454781975982,0.013504568246401906,0.024544463461044164,0.03911457420013438,0.060626855607935855
46.306306306306304,4.156824708094544e-06,0.00016289318901559148,0.0013507736282961547,0.005494544079929662,0.01350191307159505,0.024544121804742434,0.03911587307880715,0.06063176867397956
46.366366366366364,3.973775439865054e-06,0.00016175354673337905,0.0013471327683961046,0.005489643248316809,0.013499265207033196,0.024543781831908043,0.039117167589963586,0.06063666940169197
46.426426426426424,3.7921866560248974e-06,0.00016061942810162587,0.0013435021210682094,0.00548475228713742,0.013496624652716345,0.024543443542540996,0.03911845773360369,0.060641557791073074
46.486486486486484,3.6120583565740696e-06,0.00015949083312033192,0.0013398816863124693,0.005479871196391495,0.013493991408644495,0.024543106936641287,0.03911974350972746,0.06064643384212288
46.546546546546544,3.4333905415125755e-06,0.00015836776178949718,0.0013362714641288842,0.005474999976079036,0.013491365474817649,0.024542772014208923,0.039121024918334905,0.06065129755484138
46.606606606606604,3.256183210840412e-06,0.0001572502141091217,0.0013326714545174542,0.005470138626200042,0.013488746851235803,0.0245424387752439,0.039122301959426016,0.06065614892922858
46.666666666666664,3.0804363645575768e-06,0.00015613819007920547,0.0013290816574781793,0.005465287146754512,0.01348613553789896,0.024542107219746218,0.0391235746330008,0.06066098796528448
46.726726726726724,2.9061500026640754e-06,0.00015503168969974846,0.0013255020730110593,0.005460445537742448,0.013483531534807119,0.024541777347715878,0.039124842939059254,0.06066581466300908
46.786786786786784,2.7333241251599045e-06,0.00015393071297075067,0.0013219327011160945,0.005455613799163849,0.01348093484196028,0.024541449159152882,0.039126106877601374,0.06067062902240237
46.846846846846844,2.5619587320450655e-06,0.00015283525989221212,0.0013183735417932848,0.005450791931018714,0.013478345459358443,0.024541122654057224,0.03912736644862716,0.060675431043464366
46.906906906906904,2.392053823319556e-06,0.00015174533046413284,0.00131482459504263,0.0054459799333070455,0.013475763387001608,0.02454079783242891,0.03912862165213662,0.060680220726195055
46.966966966966964,2.2236093989833788e-06,0.00015066092468651277,0.0013112858608641306,0.005441177806028841,0.013473188624889776,0.024540474694267934,0.03912987248812975,0.060684998070594444
47.027027027027025,2.0566254590365326e-06,0.00014958204255935192,0.0013077573392577858,0.005436385549184102,0.013470621173022945,0.024540153239574303,0.03913111895660655,0.06068976307666253
47.087087087087085,1.8911020034790176e-06,0.00014850868408265033,0.0013042390302235962,0.0054316031627728275,0.013468061031401118,0.024539833468348014,0.03913236105756702,0.06069451574439932
47.147147147147145,1.7270390323108347e-06,0.000147440849256408,0.0013007309337615617,0.005426830646795018,0.013465508200024292,0.024539515380589065,0.03913359879101115,0.0606992560738048
47.207207207207205,1.5644365455319813e-06,0.00014637853808062488,0.0012972330498716824,0.0054220680012506735,0.013462962678892467,0.024539198976297458,0.039134832156938956,0.06070398406487899
47.267267267267265,1.40329454314246e-06,0.000145321750555301,0.001293745378553958,0.005417315226139795,0.013460424468005645,0.02453888425547319,0.039136061155350434,0.06070869971762186
47.327327327327325,1.2436130251422672e-06,0.00014427048668043635,0.0012902679198083886,0.00541257232146238,0.013457893567363826,0.024538571218116267,0.039137285786245576,0.060713403032033444
47.387387387387385,1.085391991531409e-06,0.00014322474645603095,0.0012868006736349745,0.005407839287218431,0.013455369976967009,0.024538259864226687,0.03913850604962439,0.06071809400811372
47.447447447447445,9.286314423098813e-07,0.00014218452988208478,0.0012833436400337152,0.0054031161234079465,0.013452853696815193,0.024537950193804444,0.03913972194548688,0.0607227726458627
47.507507507507505,7.73331377477683e-07,0.00014114983695859783,0.001279896819004611,0.005398402830030928,0.01345034472690838,0.024537642206849546,0.03914093347383303,0.06072743894528037
47.567567567567565,6.19491797034816e-07,0.00014012066768557017,0.001276460210547662,0.005393699407087373,0.013447843067246569,0.02453733590336199,0.03914214063466285,0.06073209290636674
47.627627627627625,4.6711270098128095e-07,0.0001390970220630017,0.001273033814662868,0.005389005854577284,0.013445348717829759,0.024537031283341774,0.039143343427976346,0.06073673452912181
47.687687687687685,3.1619408931707883e-07,0.00013807890009089247,0.001269617631350229,0.005384322172500659,0.013442861678657951,0.0245367283467889,0.0391445418537735,0.06074136381354558
47.747747747747745,1.6673596204220536e-07,0.0001370663017692425,0.001266211660609745,0.0053796483608575,0.013440381949731147,0.024536427093703368,0.039145735912054336,0.060745980759638045
47.807807807807805,1.8738319156663943e-08,0.00013605922709805174,0.0012628159024414163,0.005374984419647805,0.013437909531049345,0.024536127524085176,0.039146925602818836,0.06075058536739921
47.867867867867865,-1.2779883933954712e-07,0.00013505767607732022,0.0012594303568452426,0.005370330348871576,0.013435444422612543,0.024535829637934325,0.039148110926067,0.060755177636829076
47.927927927927925,-2.728755134464253e-07,0.00013406164870704795,0.0012560550238212237,0.005365686148528812,0.013432986624420745,0.02453553343525082,0.039149291881798845,0.06075975756792763
47.987987987987985,-4.1649170316397396e-07,0.00013307114498723493,0.0012526899033693602,0.005361051818619513,0.013430536136473948,0.024535238916034652,0.03915046847001435,0.060764325160694896
48.048048048048045,-5.586474084921914e-07,0.00013208616491788112,0.0012493349954896514,0.005356427359143679,0.013428092958772155,0.02453494608028583,0.03915164069071353,0.06076888041513085
48.108108108108105,-6.993426294310777e-07,0.00013110670849898656,0.001245990300182098,0.005351812770101309,0.013425657091315362,0.024534654928004346,0.03915280854389638,0.060773423331235504
48.168168168168165,-8.385773659806328e-07,0.00013013277573055123,0.0012426558174466994,0.005347208051492405,0.013423228534103573,0.024534365459190202,0.03915397202956289,0.060777953909008864
48.228228228228225,-9.76351618140855e-07,0.00012916436661257515,0.001239331547283456,0.005342613203316965,0.013420807287136785,0.024534077673843403,0.039155131147713074,0.060782472148450915
48.288288288288285,-1.1126653859117484e-06,0.0001282014811450583,0.0012360174896923677,0.005338028225574991,0.013418393350415,0.024533791571963948,0.03915628589834693,0.060786978049561666
48.348348348348345,-1.247518669293309e-06,0.0001272441193280007,0.0012327136446734343,0.005333453118266482,0.013415986723938216,0.02453350715355183,0.03915743628146445,0.060791471612341115
48.408408408408405,-1.3809114682855402e-06,0.0001262922811614023,0.001229420012226656,0.005328887881391437,0.013413587407706434,0.024533224418607055,0.03915858229706565,0.06079595283678926
48.468468468468465,-1.5128437828884392e-06,0.00012534596664526314,0.0012261365923520327,0.005324332514949858,0.013411195401719655,0.024532943367129623,0.03915972394515051,0.0608004217229061
48.528528528528525,-1.6433156131020054e-06,0.00012440517577958328,0.0012228633850495645,0.0053197870189417434,0.013408810705977877,0.02453266399911953,0.03916086122571904,0.06080487827069165
48.588588588588586,-1.7723269589262438e-06,0.0001234699085643626,0.0012196003903192515,0.005315251393367094,0.013406433320481102,0.02453238631457678,0.03916199413877124,0.06080932248014589
48.648648648648646,-1.89987782036115e-06,0.00012254016499960114,0.0012163476081610935,0.005310725638225909,0.013404063245229329,0.024532110313501373,0.03916312268430711,0.06081375435126883
48.708708708708706,-2.025968197406725e-06,0.00012161594508529895,0.0012131050385750905,0.00530620975351819,0.013401700480222559,0.024531835995893304,0.039164246862326654,0.06081817388406047
48.768768768768766,-2.1505980900629674e-06,0.00012069724882145599,0.0012098726815612426,0.005301703739243936,0.01339934502546079,0.02453156336175258,0.03916536667282986,0.0608225810785208
48.828828828828826,-2.2737674983298793e-06,0.00011978407620807227,0.0012066505371195497,0.005297207595403146,0.013396996880944022,0.024531292411079198,0.03916648211581674,0.06082697593464984
48.888888888888886,-2.3954764222074617e-06,0.00011887642724514781,0.0012034386052500118,0.005292721321995822,0.013394656046672258,0.024531023143873155,0.039167593191287285,0.060831358452447575
48.948948948948946,-2.515724861695712e-06,0.00011797430193268256,0.0012002368859526291,0.005288244919021962,0.013392322522645496,0.024530755560134454,0.03916869989924151,0.060835728631914006
49.009009009009006,-2.6345128167946294e-06,0.00011707770027067655,0.0011970453792274013,0.0052837783864815675,0.013389996308863736,0.024530489659863097,0.03916980223967939,0.06084008647304913
49.069069069069066,-2.7518402875042173e-06,0.00011618662225912978,0.0011938640850743289,0.005279321724374638,0.013387677405326977,0.024530225443059078,0.03917090021260095,0.06084443197585296
49.129129129129126,-2.867707273824475e-06,0.00011530106789804224,0.0011906930034934111,0.005274874932701174,0.013385365812035222,0.024529962909722404,0.03917199381800617,0.060848765140325486
49.189189189189186,-2.9821137757554004e-06,0.00011442103718741394,0.0011875321344846485,0.005270438011461175,0.013383061528988468,0.02452970205985307,0.03917308305589507,0.060853085966466706
49.249249249249246,-3.095059793296994e-06,0.00011354653012724488,0.0011843814780480412,0.00526601096065464,0.013380764556186716,0.024529442893451076,0.039174167926267635,0.06085739445427663
49.309309309309306,-3.206545326449257e-06,0.00011267754671753506,0.0011812410341835887,0.00526159378028157,0.013378474893629966,0.024529185410516425,0.039175248429123864,0.06086169060375525
49.369369369369366,-3.3165703752121897e-06,0.00011181408695828447,0.0011781108028912914,0.005257186470341966,0.013376192541318218,0.02452892961104912,0.03917632456446377,0.060865974414902574
49.429429429429426,-3.4251349395857913e-06,0.00011095615084949312,0.0011749907841711491,0.005252789030835827,0.013373917499251473,0.02452867549504915,0.03917739633228734,0.06087024588771859
49.489489489489486,-3.532239019570061e-06,0.000110103738391161,0.001171880978023162,0.005248401461763152,0.01337164976742973,0.024528423062516524,0.039178463732594586,0.060874505022203304
49.549549549549546,-3.637882615164999e-06,0.00010925684958328812,0.0011687813844473297,0.005244023763123943,0.013369389345852987,0.02452817231345124,0.0391795267653855,0.06087875181835672
49.609609609609606,-3.7420657263706062e-06,0.00010841548442587448,0.0011656920034436526,0.005239655934918199,0.01336713623452125,0.024527923247853297,0.039180585430660074,0.06088298627617883
49.669669669669666,-3.844788353186884e-06,0.00010757964291892007,0.0011626128350121306,0.005235297977145919,0.013364890433434513,0.024527675865722697,0.03918163972841832,0.060887208395669634
49.729729729729726,-3.9460504956138286e-06,0.0001067493250624249,0.0011595438791527635,0.005230949889807104,0.013362651942592778,0.02452743016705944,0.039182689658660244,0.060891418176829144
49.789789789789786,-4.045852153651442e-06,0.00010592453085638898,0.0011564851358655515,0.005226611672901755,0.013360420761996044,0.02452718615186352,0.03918373522138583,0.06089561561965735
49.849849849849846,-4.144193327299726e-06,0.0001051052603008123,0.0011534366051504947,0.00522228332642987,0.013358196891644315,0.024526943820134945,0.03918477641659509,0.060899800724154254
49.909909909909906,-4.241074016558678e-06,0.00010429151339569483,0.0011503982870075928,0.00521796485039145,0.013355980331537586,0.02452670317187371,0.03918581324428802,0.06090397349031986
49.969969969969966,-4.336494221428298e-06,0.00010348329014103663,0.001147370181436846,0.005213656244786496,0.01335377108167586,0.024526464207079816,0.039186845704464617,0.06090813391815416
50.03003003003003,-4.430453941908588e-06,0.00010268059053683764,0.0011443522884382541,0.005209357509615007,0.013351569142059136,0.024526226925753264,0.03918787379712488,0.06091228200765716
50.09009009009009,-4.522953177999547e-06,0.00010188341458309789,0.0011413446080118176,0.005205068644876982,0.013349374512687414,0.024525991327894056,0.03918889752226881,0.060916417758828854
50.15015015015015,-4.613991929701174e-06,0.00010109176227981738,0.001138347140157536,0.005200789650572422,0.013347187193560693,0.02452575741350219,0.03918991687989642,0.06092054117166925
50.21021021021021,-4.703570197013472e-06,0.00010030563362699611,0.0011353598848754093,0.005196520526701328,0.013345007184678976,0.02452552518257766,0.03919093187000769,0.060924652246178344
50.27027027027027,-4.7916879799364355e-06,9.952502862463407e-05,0.001132382842165438,0.005192261273263698,0.01334283448604226,0.024525294635120477,0.03919194249260263,0.06092875098235614
50.33033033033033,-4.87834527847007e-06,9.874994727273127e-05,0.0011294160120276216,0.005188011890259534,0.013340669097650547,0.024525065771130634,0.03919294874768125,0.06093283738020263
50.39039039039039,-4.963542092614372e-06,9.798038957128771e-05,0.0011264593944619603,0.005183772377688835,0.013338511019503835,0.024524838590608132,0.03919395063524353,0.060936911439717814
50.45045045045045,-5.047278422369344e-06,9.72163555203034e-05,0.001123512989468454,0.0051795427355516,0.013336360251602125,0.02452461309355297,0.03919494815528948,0.060940973160901704
50.51051051051051,-5.129554267734985e-06,9.64578451197783e-05,0.0011205767970471027,0.00517532296384783,0.013334216793945418,0.024524389279965152,0.0391959413078191,0.060945022543754286
50.57057057057057,-5.210369628711295e-06,9.570485836971244e-05,0.0011176508171979063,0.005171113062577525,0.013332080646533713,0.024524167149844678,0.03919693009283239,0.060949059588275574
50.63063063063063,-5.289724505298273e-06,9.495739527010585e-05,0.0011147350499208653,0.005166913031740686,0.01332995180936701,0.02452394670319154,0.03919791451032935,0.060953084294465554
50.69069069069069,-5.3676188974959195e-06,9.421545582095847e-05,0.0011118294952159793,0.005162722871337311,0.013327830282445309,0.02452372794000575,0.03919889456030998,0.06095709666232423
50.75075075075075,-5.444052805304237e-06,9.347904002227032e-05,0.0011089341530832481,0.005158542581367402,0.01332571606576861,0.024523510860287298,0.03919987024277428,0.06096109669185161
50.81081081081081,-5.51902622872322e-06,9.274814787404144e-05,0.001106049023522672,0.0051543721618309574,0.013323609159336914,0.024523295464036185,0.039200841557722244,0.06096508438304769
50.87087087087087,-5.592539167752875e-06,9.202277937627175e-05,0.0011031741065342512,0.005150211612727978,0.01332150956315022,0.024523081751252417,0.03920180850515388,0.06096905973591246
50.93093093093093,-5.664591622393198e-06,9.130293452896132e-05,0.0011003094021179854,0.005146060934058463,0.013319417277208527,0.02452286972193599,0.039202771085069185,0.060973022750445936
50.99099099099099,-5.735183592644189e-06,9.058861333211015e-05,0.0010974549102738746,0.005141920125822414,0.013317332301511838,0.024522659376086907,0.03920372929746816,0.0609769734266481
51.05105105105105,-5.80431507850585e-06,8.987981578571819e-05,0.0010946106310019189,0.005137789188019829,0.01331525463606015,0.024522450713705162,0.03920468314235081,0.060980911764518975
51.11111111111111,-5.871986079978179e-06,8.917654188978546e-05,0.001091776564302118,0.005133668120650709,0.013313184280853462,0.02452224373479076,0.03920563261971712,0.06098483776405854
51.17117117117117,-5.938196597061177e-06,8.847879164431198e-05,0.0010889527101744726,0.0051295569237150545,0.013311121235891779,0.0245220384393437,0.03920657772956711,0.06098875142526681
51.23123123123123,-6.002946629754844e-06,8.778656504929773e-05,0.0010861390686189819,0.005125455597212865,0.013309065501175096,0.02452183482736398,0.03920751847190076,0.06099265274814377
51.291291291291294,-6.066236178059188e-06,8.709986210474264e-05,0.001083335639635646,0.0051213641411441396,0.013307017076703417,0.024521632898851602,0.03920845484671808,0.06099654173268943
51.351351351351354,-6.1280652419741915e-06,8.641868281064688e-05,0.0010805424232244658,0.00511728255550888,0.013304975962476739,0.024521432653806567,0.039209386854019077,0.06100041837890379
51.411411411411414,-6.188433821499865e-06,8.574302716701035e-05,0.0010777594193854402,0.005113210840307085,0.013302942158495064,0.024521234092228873,0.03921031449380374,0.06100428268678685
51.471471471471475,-6.247341916636207e-06,8.507289517383305e-05,0.00107498662811857,0.005109148995538756,0.01330091566475839,0.02452103721411852,0.03921123776607206,0.06100813465633861
51.531531531531535,-6.304789527383219e-06,8.4408286831115e-05,0.0010722240494238546,0.005105097021203891,0.01329889648126672,0.02452084201947551,0.03921215667082406,0.06101197428755906
51.591591591591595,-6.3607766537409e-06,8.374920213885616e-05,0.0010694716833012945,0.005101054917302492,0.013296884608020051,0.02452064850829984,0.03921307120805973,0.06101580158044822
51.651651651651655,-6.415303295709248e-06,8.309564109705658e-05,0.0010667295297508892,0.005097022683834557,0.013294880045018383,0.024520456680591513,0.039213981377779074,0.061019616535006066
51.711711711711715,-6.468369453288266e-06,8.244760370571623e-05,0.0010639975887726393,0.005093000320800087,0.013292882792261719,0.024520266536350525,0.03921488717998208,0.06102341915123262
51.771771771771775,-6.519975126477952e-06,8.180508996483512e-05,0.001061275860366544,0.005088987828199083,0.013290892849750057,0.024520078075576882,0.039215788614668755,0.061027209429127864
51.831831831831835,-6.570120315278307e-06,8.116809987441324e-05,0.0010585643445326042,0.005084985206031543,0.013288910217483397,0.02451989129827058,0.0392166856818391,0.06103098736869181
51.891891891891895,-6.618805019689332e-06,8.053663343445062e-05,0.0010558630412708192,0.005080992454297468,0.013286934895461738,0.02451970620443162,0.03921757838149312,0.06103475296992446
51.951951951951955,-6.666029239711026e-06,7.991069064494721e-05,0.0010531719505811892,0.005077009572996859,0.013284966883685082,0.02451952279406,0.0392184667136308,0.0610385062328258
52.012012012012015,-6.711792975343387e-06,7.929027150590304e-05,0.0010504910724637145,0.005073036562129714,0.013283006182153428,0.024519341067155722,0.039219350678252156,0.06104224715739584
52.072072072072075,-6.756096226586419e-06,7.867537601731811e-05,0.0010478204069183947,0.005069073421696034,0.013281052790866775,0.024519161023718785,0.03922023027535718,0.06104597574363458
52.132132132132135,-6.798938993440119e-06,7.806600417919243e-05,0.00104515995394523,0.005065120151695819,0.013279106709825125,0.02451898266374919,0.039221105504945876,0.06104969199154202
52.192192192192195,-6.840321275904486e-06,7.746215599152598e-05,0.0010425097135442203,0.00506117675212907,0.013277167939028478,0.024518805987246938,0.039221976367018234,0.06105339590111815
52.252252252252255,-6.880243073979525e-06,7.686383145431876e-05,0.0010398696857153657,0.005057243222995785,0.013275236478476832,0.024518630994212025,0.03922284286157427,0.061057087472362985
52.312312312312315,-6.918704387665231e-06,7.627103056757079e-05,0.0010372398704586662,0.0050533195642959656,0.013273312328170188,0.024518457684644456,0.039223704988613974,0.06106076670527651
52.372372372372375,-6.9557052169616065e-06,7.568375333128204e-05,0.0010346202677741219,0.00504940577602961,0.013271395488108547,0.024518286058544225,0.03922456274813734,0.06106443359985875
52.432432432432435,-6.9912455618686506e-06,7.510199974545252e-05,0.0010320108776617322,0.005045501858196721,0.013269485958291909,0.02451811611591134,0.03922541614014438,0.06106808815610967
52.492492492492495,-7.025325422386364e-06,7.452576981008225e-05,0.001029411700121498,0.0050416078107972965,0.01326758373872027,0.024517947856745794,0.03922626516463509,0.0610717303740293
52.552552552552555,-7.057944798514746e-06,7.395506352517123e-05,0.0010268227351534188,0.005037723633831336,0.013265688829393635,0.02451778128104759,0.03922710982160947,0.06107536025361763
52.612612612612615,-7.0891036902537966e-06,7.338988089071943e-05,0.0010242439827574945,0.005033849327298842,0.013263801230312003,0.02451761638881673,0.039227950111067514,0.06107897779487465
52.672672672672675,-7.118802097603517e-06,7.283022190672687e-05,0.0010216754429337252,0.005029984891199812,0.013261920941475372,0.02451745318005321,0.039228786033009236,0.06108258299780037
52.732732732732735,-7.147040020563904e-06,7.227608657319356e-05,0.0010191171156821112,0.005026130325534247,0.013260047962883744,0.02451729165475703,0.03922961758743462,0.06108617586239479
52.792792792792795,-7.1738174591349626e-06,7.172747489011947e-05,0.001016569001002652,0.005022285630302148,0.013258182294537117,0.024517131812928195,0.039230444774343676,0.061089756388657906
52.852852852852855,-7.1991344133166874e-06,7.118438685750462e-05,0.001014031098895348,0.005018450805503513,0.013256323936435492,0.0245169736545667,0.0392312675937364,0.061093324576589725
52.912912912912915,-7.222990883109084e-06,7.064682247534902e-05,0.0010115034093601991,0.005014625851138343,0.01325447288857887,0.024516817179672544,0.0392320860456128,0.061096880426190235
52.972972972972975,-7.245386868512147e-06,7.011478174365264e-05,0.001008985932397205,0.005010810767206638,0.01325262915096725,0.024516662388245732,0.03923290012997286,0.06110042393745945
53.033033033033036,-7.266322369525879e-06,6.95882646624155e-05,0.0010064786680063663,0.005007005553708399,0.013250792723600632,0.024516509280286262,0.039233709846816595,0.06110395511039736
53.093093093093096,-7.285797386150281e-06,6.906727123163761e-05,0.0010039816161876826,0.005003210210643623,0.013248963606479015,0.024516357855794133,0.039234515196143994,0.06110747394500397
53.153153153153156,-7.303811918385352e-06,6.855180145131894e-05,0.0010014947769411537,0.004999424738012313,0.013247141799602402,0.024516208114769348,0.03923531617795507,0.06111098044127928
53.213213213213216,-7.320365966231091e-06,6.804185532145951e-05,0.00099901815026678,0.004995649135814469,0.01324532730297079,0.0245160600572119,0.03923611279224981,0.061114474599223284
53.273273273273276,-7.3354595296875e-06,6.753743284205933e-05,0.0009965517361645614,0.004991883404050089,0.013243520116584181,0.024515913683121796,0.03923690503902822,0.06111795641883599
53.333333333333336,-7.349092608754577e-06,6.703853401311837e-05,0.0009940955346344979,0.0049881275427191745,0.013241720240442574,0.024515768992499035,0.0392376929182903,0.06112142590011739
53.393393393393396,-7.361265203432323e-06,6.654515883463665e-05,0.0009916495456765895,0.004984381551821724,0.013239927674545968,0.024515625985343615,0.03923847643003605,0.061124883043067485
53.453453453453456,-7.371977313720738e-06,6.605730730661418e-05,0.000989213769290836,0.00498064543135774,0.013238142418894365,0.024515484661655533,0.03923925557426547,0.061128327847686285
53.513513513513516,-7.381228939619822e-06,6.557497942905093e-05,0.0009867882054772376,0.0049769191813272195,0.013236364473487763,0.024515345021434796,0.03924003035097856,0.061131760313973785
53.573573573573576,-7.389020081129574e-06,6.509817520194694e-05,0.0009843728542357944,0.004973202801730165,0.013234593838326165,0.0245152070646814,0.03924080076017532,0.061135180441929976
53.633633633633636,-7.395350738249997e-06,6.462689462530216e-05,0.000981967715566506,0.0049694962925665755,0.013232830513409568,0.024515070791395345,0.03924156680185574,0.06113858823155487
53.693693693693696,-7.400220910981087e-06,6.416113769911663e-05,0.0009795727894693729,0.00496579965383645,0.013231074498737973,0.024514936201576635,0.03924232847601984,0.06114198368284846
53.753753753753756,-7.403630599322846e-06,6.370090442339034e-05,0.0009771880759443946,0.00496211288553979,0.01322932579431138,0.024514803295225263,0.03924308578266761,0.06114536679581075
53.813813813813816,-7.405579803275273e-06,6.324619479812328e-05,0.0009748135749915715,0.004958435987676596,0.013227584400129791,0.02451467207234123,0.03924383872179904,0.06114873757044174
53.873873873873876,-7.40606852283837e-06,6.279700882331547e-05,0.0009724492866109035,0.0049547689602468655,0.013225850316193203,0.024514542532924545,0.039244587293414145,0.06115209600674142
53.933933933933936,-7.405096758012136e-06,6.235334649896688e-05,0.0009700952108023905,0.004951111803250601,0.013224123542501616,0.0245144146769752,0.03924533149751292,0.06115544210470981
53.993993993993996,-7.402664508796572e-06,6.191520782507753e-05,0.0009677513475660326,0.004947464516687801,0.013222404079055032,0.024514288504493192,0.03924607133409536,0.06115877586434689
54.054054054054056,-7.398771775191675e-06,6.148259280164742e-05,0.0009654176969018297,0.0049438271005584665,0.01322069192585345,0.02451416401547853,0.03924680680316148,0.061162097285652674
54.114114114114116,-7.393418557197447e-06,6.105550142867655e-05,0.0009630942588097819,0.004940199554862596,0.01321898708289687,0.024514041209931208,0.039247537904711256,0.06116540636862715
54.174174174174176,-7.386604854813889e-06,6.0633933706164916e-05,0.0009607810332898893,0.004936581879600191,0.013217289550185292,0.024513920087851228,0.03924826463874471,0.06116870311327033
54.234234234234236,-7.378330668040999e-06,6.0217889634112515e-05,0.0009584780203421515,0.004932974074771251,0.013215599327718716,0.024513800649238592,0.039248987005261825,0.0611719875195822
54.294294294294296,-7.368595996878778e-06,5.9807369212519355e-05,0.0009561852199665689,0.004929376140375777,0.013213916415497143,0.024513682894093294,0.03924970500426262,0.06117525958756278
54.354354354354356,-7.357400841327226e-06,5.940237244138543e-05,0.0009539026321631412,0.004925788076413767,0.013212240813520572,0.02451356682241534,0.039250418635747075,0.06117851931721205
54.414414414414416,-7.344745201386343e-06,5.900289932071074e-05,0.0009516302569318688,0.004922209882885222,0.013210572521789003,0.024513452434204726,0.03925112789971521,0.06118176670853002
54.474474474474476,-7.330629077056129e-06,5.860894985049529e-05,0.0009493680942727513,0.004918641559790142,0.013208911540302435,0.024513339729461455,0.039251832796167,0.061185001761516686
54.53453453453454,-7.3150524683365825e-06,5.822052403073908e-05,0.0009471161441857889,0.004915083107128527,0.01320725786906087,0.024513228708185526,0.03925253332510247,0.06118822447617205
54.5945945945946,-7.298015375227706e-06,5.7837621861442097e-05,0.0009448744066709816,0.004911534524900377,0.013205611508064307,0.024513119370376937,0.03925322948652161,0.06119143485249612
54.65465465465466,-7.279517797729499e-06,5.7460243342604356e-05,0.0009426428817283293,0.004907995813105692,0.013203972457312746,0.02451301171603569,0.03925392128042442,0.06119463289048888
54.71471471471472,-7.25955973584196e-06,5.708838847422586e-05,0.000940421569357832,0.004904466971744472,0.013202340716806187,0.024512905745161784,0.03925460870681089,0.06119781859015034
54.77477477477478,-7.238141189565091e-06,5.672205725630658e-05,0.0009382104695594898,0.004900948000816717,0.013200716286544631,0.02451280145775522,0.03925529176568104,0.0612009919514805
54.83483483483484,-7.215262158898889e-06,5.6361249688846555e-05,0.0009360095823333027,0.004897438900322427,0.013199099166528077,0.024512698853815997,0.03925597045703485,0.061204152974479356
54.8948948948949,-7.190922643843356e-06,5.6005965771845766e-05,0.0009338189076792706,0.004893939670261602,0.013197489356756525,0.024512597933344118,0.03925664478087233,0.061207301659146916
54.95495495495496,-7.165122644398492e-06,5.5656205505304204e-05,0.0009316384455973937,0.0048904503106342425,0.013195886857229975,0.024512498696339577,0.03925731473719348,0.06121043800548317
55.01501501501502,-7.137862160564298e-06,5.531196888922189e-05,0.0009294681960876717,0.004886970821440347,0.013194291667948426,0.02451240114280238,0.0392579803259983,0.06121356201348812
55.07507507507508,-7.109141192340772e-06,5.4973255923598804e-05,0.0009273081591501048,0.004883501202679917,0.01319270378891188,0.024512305272732526,0.039258641547286796,0.06121667368316177
55.13513513513514,-7.078959739727916e-06,5.464006660843496e-05,0.000925158334784693,0.004880041454352953,0.013191123220120338,0.024512211086130012,0.03925929840105896,0.06121977301450412
55.1951951951952,-7.047317802725728e-06,5.431240094373035e-05,0.0009230187229914362,0.004876591576459453,0.013189549961573796,0.02451211858299484,0.039259950887314786,0.061222860007515166
55.25525525525526,-7.014215381334208e-06,5.399025892948498e-05,0.0009208893237703345,0.004873151568999418,0.013187984013272256,0.024512027763327008,0.03926059900605429,0.06122593466219491
55.31531531531532,-6.979652475553359e-06,5.3673640565698845e-05,0.0009187701371213879,0.004869721431972848,0.013186425375215718,0.024511938627126518,0.03926124275727746,0.06122899697854336
55.37537537537538,-6.943629085383178e-06,5.3362545852371944e-05,0.0009166611630445962,0.004866301165379743,0.013184874047404184,0.024511851174393372,0.0392618821409843,0.061232046956560496
55.43543543543544,-6.906145210823664e-06,5.3056974789504285e-05,0.0009145624015399598,0.0048628907692201025,0.01318333002983765,0.024511765405127565,0.039262517157174805,0.06123508459624634
55.4954954954955,-6.8672008518748214e-06,5.275692737709586e-05,0.0009124738526074782,0.0048594902434939274,0.013181793322516119,0.024511681319329102,0.03926314780584898,0.061238109897600874
55.55555555555556,-6.8267960085366465e-06,5.2462403615146676e-05,0.0009103955162471518,0.004856099588201218,0.01318026392543959,0.02451159891699798,0.03926377408700683,0.06124112286062411
55.61561561561562,-6.7849306808091405e-06,5.217340350365672e-05,0.0009083273924589804,0.004852718803341973,0.013178741838608064,0.024511518198134196,0.03926439600064834,0.06124412348531605
55.67567567567568,-6.741604868692304e-06,5.188992704262601e-05,0.0009062694812429641,0.004849347888916193,0.013177227062021539,0.024511439162737757,0.039265013546773524,0.06124711177167668
55.73573573573574,-6.6968185721861355e-06,5.161197423205454e-05,0.0009042217825991028,0.0048459868449238774,0.013175719595680016,0.02451136181080866,0.039265626725382384,0.06125008771970601
55.7957957957958,-6.650571791290637e-06,5.13395450719423e-05,0.0009021842965273967,0.0048426356713650275,0.013174219439583496,0.024511286142346905,0.0392662355364749,0.06125305132940404
55.85585585585586,-6.602864526005806e-06,5.107263956228929e-05,0.0009001570230278455,0.004839294368239643,0.013172726593731978,0.02451121215735249,0.0392668399800511,0.06125600260077076
55.91591591591592,-6.5536967763316445e-06,5.081125770309553e-05,0.0008981399621004494,0.004835962935547723,0.013171241058125461,0.024511139855825415,0.039267440056110964,0.06125894153380619
55.97597597597598,-6.503068542268152e-06,5.0555399494361e-05,0.0008961331137452084,0.004832641373289268,0.013169762832763948,0.024511069237765686,0.03926803576465449,0.06126186812851032
56.03603603603604,-6.4509798238153276e-06,5.0305064936085704e-05,0.0008941364779621224,0.004829329681464278,0.013168291917647436,0.024511000303173294,0.03926862710568169,0.061264782384883136
56.0960960960961,-6.3974306209731736e-06,5.006025402826965e-05,0.0008921500547511915,0.004826027860072753,0.013166828312775925,0.024510933052048246,0.039269214079192566,0.06126768430292466
56.15615615615616,-6.3424209337416875e-06,4.982096677091283e-05,0.0008901738441124157,0.004822735909114692,0.013165372018149418,0.02451086748439054,0.039269796685187104,0.06127057388263488
56.21621621621622,-6.2859507621208694e-06,4.958720316401525e-05,0.0008882078460457949,0.004819453828590097,0.013163923033767913,0.024510803600200175,0.039270374923665315,0.06127345112401379
56.27627627627628,-6.228020106110721e-06,4.935896320757691e-05,0.0008862520605513292,0.004816181618498967,0.01316248135963141,0.024510741399477152,0.03927094879462719,0.061276316027061406
56.33633633633634,-6.168628965711242e-06,4.91362469015978e-05,0.0008843064876290184,0.004812919278841302,0.013161046995739908,0.02451068088222147,0.03927151829807274,0.061279168591777726
56.3963963963964,-6.107777340922431e-06,4.891905424607793e-05,0.0008823711272788629,0.004809666809617102,0.01315961994209341,0.02451062204843313,0.03927208343400196,0.06128200881816273
56.45645645645646,-6.04546523174429e-06,4.8707385241017295e-05,0.0008804459795008622,0.004806424210826367,0.013158200198691912,0.024510564898112132,0.039272644202414844,0.06128483670621644
56.51651651651652,-5.981692638176817e-06,4.8501239886415896e-05,0.0008785310442950168,0.004803191482469097,0.013156787765535416,0.024510509431258473,0.0392732006033114,0.06128765225593885
56.57657657657658,-5.916459560220013e-06,4.830061818227374e-05,0.0008766263216613263,0.004799968624545292,0.013155382642623923,0.02451045564787216,0.039273752636691625,0.06129045546732996
56.63663663663664,-5.849765997873878e-06,4.810552012859081e-05,0.000874731811599791,0.004796755637054952,0.013153984829957433,0.024510403547953186,0.03927430030255552,0.06129324634038976
56.6966966966967,-5.781611951138412e-06,4.791594572536713e-05,0.0008728475141104105,0.004793552519998077,0.013152594327535945,0.024510353131501555,0.03927484360090308,0.06129602487511827
56.75675675675676,-5.711997420013614e-06,4.773189497260268e-05,0.0008709734291931853,0.004790359273374667,0.013151211135359457,0.024510304398517264,0.039275382531734314,0.061298791071515465
56.81681681681682,-5.640922404499485e-06,4.755336787029747e-05,0.0008691095568481151,0.004787175897184722,0.013149835253427973,0.024510257349000315,0.03927591709504922,0.06130154492958136
56.87687687687688,-5.568386904596026e-06,4.7380364418451494e-05,0.0008672558970751999,0.004784002391428241,0.013148466681741492,0.024510211982950707,0.03927644729084779,0.061304286449315966
56.93693693693694,-5.494390920303235e-06,4.7212884617064755e-05,0.0008654124498744398,0.004780838756105227,0.013147105420300011,0.02451016830036844,0.03927697311913003,0.06130701563071926
56.996996996997,-5.418934451621113e-06,4.705092846613725e-05,0.0008635792152458348,0.004777684991215676,0.013145751469103534,0.02451012630125352,0.03927749457989595,0.061309732473791255
57.05705705705706,-5.3420174985496604e-06,4.689449596566899e-05,0.0008617561931893847,0.004774541096759591,0.013144404828152058,0.024510085985605935,0.03927801167314553,0.06131243697853195
57.11711711711712,-5.263640061088876e-06,4.674358711565996e-05,0.0008599433837050898,0.004771407072736971,0.013143065497445584,0.024510047353425695,0.03927852439887877,0.06131512914494133
57.17717717717718,-5.188277907806508e-06,4.6586496897296466e-05,0.0008581255741322729,0.004768269313312687,0.013141722787773112,0.02451000692520721,0.03927904004196742,0.061317827882533885
57.23723723723724,-5.1433991277683805e-06,4.635139083244917e-05,0.0008562094033616455,0.004765044318572595,0.01314031109873655,0.024509943346993534,0.03927960331015321,0.061320649240256174
57.2972972972973,-5.09856550752061e-06,4.611787086115144e-05,0.0008542983276389627,0.004761824617276303,0.013138903124104838,0.024509880281744917,0.03928016466144642,0.061323464620789386
57.35735735735736,-5.053777047063196e-06,4.588593698340329e-05,0.0008523923469642244,0.004758610209423814,0.013137498863877975,0.024509817729461356,0.039280724095847035,0.06132627402413351
57.41741741741742,-5.0090337463961396e-06,4.5655589199204714e-05,0.0008504914613374307,0.004755401095015125,0.013136098318055962,0.02450975569014285,0.039281281613355055,0.06132907745028855
57.47747747747748,-4.96433560551944e-06,4.5426827508555706e-05,0.0008485956707585817,0.004752197274050239,0.013134701486638797,0.024509694163789404,0.039281837213970494,0.061331874899254506
57.53753753753754,-4.919682624433097e-06,4.519965191145628e-05,0.0008467049752276771,0.004748998746529153,0.013133308369626484,0.024509633150401014,0.03928239089769334,0.061334666371031375
57.5975975975976,-4.87507480313711e-06,4.4974062407906425e-05,0.0008448193747447173,0.004745805512451868,0.013131918967019022,0.024509572649977683,0.03928294266452359,0.06133745186561916
57.65765765765766,-4.830512141631481e-06,4.475005899790614e-05,0.0008429388693097019,0.0047426175718183845,0.013130533278816407,0.024509512662519408,0.039283492514461255,0.06134023138301786
57.71771771771772,-4.7859946399162086e-06,4.452764168145543e-05,0.0008410634589226312,0.004739434924628702,0.013129151305018643,0.02450945318802619,0.03928404044750633,0.06134300492322748
57.77777777777778,-4.741522297991292e-06,4.43068104585543e-05,0.000839193143583505,0.004736257570882822,0.013127773045625728,0.02450939422649803,0.039284586463658816,0.061345772486248014
57.83783783783784,-4.697095115856734e-06,4.408756532920274e-05,0.0008373279232923235,0.004733085510580742,0.013126398500637662,0.02450933577793493,0.03928513056291871,0.061348534072079464
57.8978978978979,-4.6527130935125315e-06,4.3869906293400756e-05,0.0008354677980490866,0.004729918743722464,0.013125027670054449,0.024509277842336884,0.039285672745286014,0.06135128968072182
57.95795795795796,-4.608376230958686e-06,4.365383335114834e-05,0.0008336127678537942,0.004726757270307988,0.013123660553876083,0.024509220419703895,0.03928621301076073,0.061354039312175104
58.01801801801802,-4.564084528195198e-06,4.3439346502445506e-05,0.0008317628327064464,0.004723601090337312,0.013122297152102566,0.024509163510035965,0.039286751359342856,0.061356782966439295
58.07807807807808,-4.519837985222066e-06,4.322644574729224e-05,0.0008299179926070432,0.0047204502038104374,0.013120937464733902,0.024509107113333095,0.03928728779103239,0.06135952064351441
58.13813813813814,-4.475636602039292e-06,4.301513108568855e-05,0.0008280782475555846,0.004717304610727365,0.013119581491770085,0.024509051229595277,0.039287822305829334,0.06136225234340043
58.1981981981982,-4.431480378646874e-06,4.280540251763444e-05,0.0008262435975520706,0.0047141643110880935,0.01311822923321112,0.024508995858822522,0.03928835490373369,0.06136497806609737
58.25825825825826,-4.387369315044813e-06,4.259726004312989e-05,0.0008244140425965012,0.004711029304892623,0.013116880689057002,0.02450894100101482,0.03928888558474545,0.061367697811605226
58.31831831831832,-4.343303411233108e-06,4.239070366217493e-05,0.0008225895826888764,0.004707899592140954,0.013115535859307735,0.024508886656172176,0.039289414348864626,0.061370411579924
58.37837837837838,-4.29928266721176e-06,4.218573337476953e-05,0.0008207702178291962,0.004704775172833086,0.013114194743963319,0.024508832824294592,0.03928994119609121,0.061373119371053685
58.43843843843844,-4.25530708298077e-06,4.1982349180913715e-05,0.0008189559480174604,0.00470165604696902,0.01311285734302375,0.024508779505382064,0.0392904661264252,0.06137582118499429
58.4984984984985,-4.211376658540137e-06,4.178055108060747e-05,0.0008171467732536695,0.004698542214548755,0.013111523656489033,0.024508726699434595,0.0392909891398666,0.06137851702174581
58.55855855855856,-4.167491393889859e-06,4.1580339073850796e-05,0.000815342693537823,0.0046954336755722905,0.013110193684359166,0.024508674406452182,0.03929151023641542,0.061381206881308235
58.61861861861862,-4.123651289029939e-06,4.13817131606437e-05,0.0008135437088699211,0.004692330430039628,0.013108867426634148,0.024508622626434825,0.03929202941607164,0.06138389076368159
58.67867867867868,-4.079856343960376e-06,4.1184673340986176e-05,0.0008117498192499638,0.004689232477950767,0.01310754488331398,0.024508571359382527,0.03929254667883527,0.06138656866886585
58.73873873873874,-4.03610655868117e-06,4.098921961487823e-05,0.0008099610246779511,0.004686139819305707,0.013106226054398661,0.024508520605295285,0.03929306202470632,0.06138924059686103
58.7987987987988,-3.99240193319232e-06,4.079535198231985e-05,0.000808177325153883,0.0046830524541044485,0.013104910939888192,0.024508470364173102,0.03929357545368477,0.06139190654766712
58.85885885885886,-3.948742467493827e-06,4.0603070443311046e-05,0.0008063987206777595,0.004679970382346991,0.013103599539782573,0.024508420636015976,0.03929408696577063,0.06139456652128413
58.91891891891892,-3.905128161585691e-06,4.041237499785182e-05,0.0008046252112495805,0.004676893604033335,0.013102291854081804,0.024508371420823908,0.0392945965609639,0.061397220517712056
58.97897897897898,-3.8615590154679125e-06,4.022326564594217e-05,0.0008028567968693462,0.00467382211916348,0.013100987882785884,0.024508322718596896,0.039295104239264585,0.0613998685369509
59.03903903903904,-3.81803502914049e-06,4.003574238758209e-05,0.0008010934775370565,0.004670755927737426,0.013099687625894814,0.024508274529334944,0.03929561000067267,0.06140251057900065
59.0990990990991,-3.7745562026034246e-06,3.984980522277158e-05,0.0007993352532527113,0.004667695029755174,0.013098391083408593,0.024508226853038047,0.03929611384518818,0.061405146643861326
59.15915915915916,-3.731122535856716e-06,3.966545415151065e-05,0.0007975821240163108,0.004664639425216724,0.013097098255327224,0.024508179689706207,0.039296615772811086,0.06140777673153291
59.21921921921922,-3.6877340289003643e-06,3.948268917379929e-05,0.0007958340898278548,0.004661589114122074,0.013095809141650703,0.024508133039339425,0.03929711578354141,0.06141040084201541
59.27927927927928,-3.6443906817343693e-06,3.930151028963751e-05,0.0007940911506873434,0.004658544096471226,0.013094523742379032,0.024508086901937703,0.039297613877379144,0.061413018975308827
59.33933933933934,-3.6010924943587314e-06,3.91219174990253e-05,0.0007923533065947767,0.004655504372264178,0.013093242057512212,0.024508041277501034,0.039298110054324285,0.06141563113141316
59.3993993993994,-3.5578394667734498e-06,3.894391080196267e-05,0.0007906205575501544,0.004652469941500933,0.01309196408705024,0.024507996166029427,0.03929860431437683,0.06141823731032841
59.45945945945946,-3.5146315989785253e-06,3.8767490198449605e-05,0.0007888929035534769,0.004649440804181488,0.013090689830993119,0.024507951567522876,0.039299096657536794,0.06142083751205457
59.51951951951952,-3.471468890973958e-06,3.859265568848612e-05,0.0007871703446047438,0.004646416960305845,0.013089419289340848,0.02450790748198138,0.03929958708380416,0.06142343173659165
59.57957957957958,-3.428351342759747e-06,3.8419407272072206e-05,0.0007854528807039554,0.004643398409874004,0.013088152462093425,0.02450786390940494,0.03930007559317895,0.06142601998393964
59.63963963963964,-3.385278954335893e-06,3.8247744949207865e-05,0.0007837405118511115,0.004640385152885963,0.013086889349250853,0.024507820849793565,0.039300562185661136,0.061428602254098554
59.6996996996997,-3.342251725702396e-06,3.80776687198931e-05,0.0007820332380462123,0.0046373771893417235,0.013085629950813131,0.02450777830314724,0.03930104686125074,0.06143117854706838
59.75975975975976,-3.299269656859256e-06,3.790917858412791e-05,0.0007803310592892576,0.0046343745192412855,0.013084374266780257,0.024507736269465976,0.03930152961994775,0.06143374886284912
59.81981981981982,-3.2563327478064723e-06,3.7742274541912294e-05,0.0007786339755802475,0.004631377142584649,0.013083122297152234,0.02450769474874977,0.03930201046175217,0.06143631320144078
59.87987987987988,-3.2134409985440457e-06,3.757695659324625e-05,0.0007769419869191821,0.0046283850593718135,0.013081874041929061,0.02450765374099862,0.039302489386663995,0.06143887156284335
59.93993993993994,-3.1705944090719763e-06,3.741322473812978e-05,0.0007752550933060612,0.0046253982696027795,0.013080629501110738,0.024507613246212527,0.03930296639468324,0.06144142394705684
60.0,-3.1277929793902632e-06,3.7251078976562885e-05,0.0007735732947408849,0.004622416773277547,0.013079388674697264,0.024507573264391493,0.03930344148580989,0.06144397035408124
